community_district,year.x,price_single_family_home,price_condominium,single_family_sale_volume,condominium_sale_volume,percent_public_housing,serious_crime,english_scores,math_scores,subway_access,park_access,code,code_prefix,code2,code_suffix,code3,cd_short_title,lots_parking,acres,area_sqmi,borocd,cd_tot_bldgs,cd_tot_resunits,count_hosp_clinic,count_libraries,count_parks,count_public_schools,crime_count,crime_count_boro,crime_count_nyc,crime_per_1000,crime_per_1000_boro,crime_per_1000_nyc,female_10_14,female_15_19,female_20_24,female_25_29,female_30_34,female_35_39,female_40_44,female_45_49,female_5_9,female_50_54,female_55_59,female_60_64,female_65_69,female_70_74,female_75_79,female_80_84,female_85_over,female_under_5,fp_100_area,fp_100_bldg,fp_100_cost_burden,fp_100_cost_burden_value,fp_100_mhhi,fp_100_mortg_value,fp_100_openspace,fp_100_ownerocc,fp_100_ownerocc_value,fp_100_permortg,fp_100_pop,fp_100_rent_burden,fp_100_rent_burden_value,fp_100_resunits,fp_500_area,fp_500_bldg,fp_500_cost_burden,fp_500_cost_burden_value,fp_500_mhhi,fp_500_mortg_value,fp_500_openspace,fp_500_ownerocc,fp_500_ownerocc_value,fp_500_permortg,fp_500_pop,fp_500_rent_burden,fp_500_rent_burden_value,fp_500_resunits,lep_rate,lep_rate_boro,lep_rate_nyc,lot_area_commercial_office,lot_area_industrial_manufacturing,lot_area_mixed_use,lot_area_open_space,lot_area_other_no_data,lot_area_parking,lot_area_public_facility_institution,lot_area_res_1_2_family_bldg,lot_area_res_multifamily_elevator,lot_area_res_multifamily_walkup,lot_area_transportation_utility,lot_area_vacant,lots_commercial_office,lots_industrial_manufacturing,lots_mixed_use,lots_open_space,lots_other_no_data,cartodb_id,lots_public_facility_institution,lots_res_1_2_family_bldg,lots_res_multifamily_elevator,lots_res_multifamily_walkup,lots_total,lots_transportation_utility,lots_vacant,male_10_14,male_15_19,male_20_24,male_25_29,male_30_34,male_35_39,male_40_44,male_45_49,male_5_9,male_50_54,male_55_59,male_60_64,male_65_69,male_70_74,male_75_79,male_80_84,male_85_over,male_under_5,mean_commute,mean_commute_boro,mean_commute_nyc,neighborhoods,over65_rate,over65_rate_boro,over65_rate_nyc,pct_asian_nh,pct_bach_deg,pct_bach_deg_boro,pct_bach_deg_nyc,pct_black_nh,pct_clean_strts,pct_clean_strts_boro,pct_clean_strts_nyc,pct_foreign_born,pct_hh_rent_burd,pct_hh_rent_burd_boro,pct_hh_rent_burd_nyc,pct_hispanic,pct_other_nh,pct_served_parks,pct_white_nh,pop_2000,pop_2010,pop_acs,pop_change_00_10,poverty_rate.x,poverty_rate_boro,poverty_rate_nyc,puma,shared_puma,shared_puma_cd,son_issue_1,son_issue_2,son_issue_3,total_lot_area,under18_rate,under18_rate_boro,under18_rate_nyc,unemployment_boro,unemployment_cd,unemployment_nyc,num,cd_let,cd_lett,total_lowinc,ownshare,total_units,lowshare,sub_borough_area,year.y,homeowner_income,renter_income,poverty_rate.y,population,home_ownership_rate,fha_va_backed_loans,lmi_borrowers,housing_units,rent_burden,choice_vouchers,percent_asian,percent_black,percent_hispanic,percent_white
BX 03 - Morrisania/Crotona,2017,416800.1229,259863.1573,9,9,0.26642132,16.85012913,0.201380898,0.181609195,0.630286079,0.997567872,BX03,BX,2,3,203,Bronx CD 3,208,1028.8,1.6,203,3642,32893,27,1,19,51,1390,20128,96515,15.410423,14.3,11.8,3.8,4.3,4.6,4.6,4.1,3.6,3.1,3.4,3.8,3.3,2.7,2,1.8,1.6,1,0.6,0.6,4.7,0.01,0,0.214876033,52,31000,155,0,0.122655854,242,0.640495868,0,0.530688159,856,0,0.03,21,0.240458015,63,19000,161,0,0.073041539,262,0.614503817,14,0.479672235,1522,84,26.4,26.1,23.1,1825086,2128876,2900693,6505172,233372,1134895,3884609,3238236,4043516,3870735,469682,830195,125,121,318,50,33,15,206,1208,118,1038,3728,48,255,3.6,4.4,4.5,4.3,3,2.5,2.5,2.9,4,2.8,2.6,1.9,1.2,0.9,0.7,0.4,0.2,4.2,44.2,44.2,40.8,"Claremont, Crotona Park East, Melrose, Morrisania",8.8,11.8,13.6,0.9,13.3,19.4,36.7,30.6,91.1,94.3,95.1,31.4,50.5,50.8,44.5,63.3,1.1,100,4.2,68574,79762,NA,0.16,30.3,26.2,19.8,3705,TRUE,Bronx CD 6,Health care services,Unemployment,Youth and childrens services,31065067,28.9,25.2,21,6.9,8.2,4.9,3,Bronx ,BX,5364,0.118366778,5805,0.924031008,Morrisania/Belmont,2017,69690.20343,23837.09456,0.358108,188075,0.0680968,0.534246575,1,65863,0.348,0.180696178,0.0132394,0.324652,0.617913,0.0381709
BX 04 - Highbridge/Concourse,2017,496797.2125,234386.3772,8,1,0.036261778,14.64753723,0.258006042,0.240446796,0.962980191,0.994301663,BX04,BX,2,4,204,Bronx CD 4,144,1275,2,204,3306,51594,27,4,31,48,2151,20128,96515,16.109177,14.3,11.8,4.1,3.6,4.3,4.2,4,3.5,3.7,3.2,4,3.8,3,2.5,2,1.5,1,0.6,0.9,3.4,0.14,25,0.471014493,65,24000,82,0.03,0.070193286,138,0.594202899,0,0.617178612,1085,0,0.26,27,0.471014493,65,24000,82,0.031,0.070193286,138,0.594202899,0,0.617178612,1085,0,36.2,26.1,23.1,2580784,1137748,3679666,6042925,318551,2425131,4484663,1676657,5500231,4503900,2511860,1220762,188,30,337,74,20,16,166,738,304,1101,3373,82,189,3.7,4.1,4.1,4,3.9,2.7,2.9,3,3.9,2.9,2.3,2,1.2,1.1,0.6,0.3,0.4,3.6,41.4,44.2,40.8,"Concourse, Concourse Village, East Concourse, Highbridge, Mount Eden, West Concourse",9.6,11.8,13.6,1.8,15,19.4,36.7,29.3,92.7,94.3,95.1,43.1,55.8,50.8,44.5,65.5,1.8,100,1.7,139563,146441,144614,0.05,32.4,26.2,19.8,3708,FALSE,NA,"Quality of life issues (noise, graffiti, petty crime, etc.)",Schools,Youth and childrens services,36082878,27.5,25.2,21,6.9,6.6,4.9,4,Bronx ,BX,5907,0.128964059,6400,0.92296875,NA,NA,NA,NA,NA,NA,NA,NA,NA,NA,NA,NA,NA,NA,NA,NA
BX 05 - Fordham/University Heights,2017,466225.0763,NA,14,0,0.1185701,13.75975039,0.269764216,0.224832215,0.982789141,0.993445151,BX05,BX,2,5,205,Bronx CD 5,84,879.5,1.4,205,3441,57057,35,3,19,40,1809,20128,96515,13.975545,14.3,11.8,4,NA,4.4,4.9,3.9,3.7,3.2,3.8,3.7,3.6,3.1,2.2,1.8,1.2,0.8,0.3,0.5,4.3,0.08,8,0,0,16000,32,0.036,0.013652913,45,0.711111111,4048,0.650425115,1989,1654,0.16,8,0,0,16000,32,0.036,0.013652913,45,0.711111111,4048,0.650425115,1989,1654,36.2,26.1,23.1,1671158,325583,3640339,1603836,39531,547031,3808704,2948395,4461630,4089664,560426,1095324,216,17,283,60,6,17,136,1156,312,865,3302,36,131,3.5,3.8,4.6,4.5,3.3,2.8,2.6,2.4,4.1,3.2,2.6,1.6,1.3,0.9,0.4,0.2,0.2,4.2,42.8,44.2,40.8,"Fordham, Morris Heights, Mount Hope, University Heights",7.7,11.8,13.6,1.7,13.1,19.4,36.7,27.5,91.9,94.3,95.1,43.4,59.3,50.8,44.5,68.4,1.1,100,1.2,128313,128200,140324,0,35.6,26.2,19.8,3707,FALSE,NA,Affordable housing,Schools,Unemployment,24791621,28.7,25.2,21,6.9,7.7,4.9,5,Bronx ,BX,4152,0.052325581,4550,0.912527473,University Heights/Fordham,2017,68499.92827,28690.93071,0.364299,148339,0.0371463,0.548387097,1,47911,0.417,0.193983063,0.0179589,0.244373,0.711047,0.0100243
BX 06 - Belmont/East Tremont,2017,360241.671,238972.1976,12,2,0.036298666,17.4857088,0.221929825,0.120822622,0.522682762,0.996885735,BX06,BX,2,6,206,Bronx CD 6,209,985.3,1.5,206,4329,31147,27,3,13,50,1500,20128,96515,17.414224,14.3,11.8,3.8,4.3,4.6,4.6,4.1,3.6,3.1,3.4,3.8,3.3,2.7,2,1.8,1.6,1,0.6,0.6,4.7,0.42,7,0.214876033,52,31000,155,0.001,0.122655854,242,0.640495868,0,0.530688159,856,0,0.85,11,0.240458015,63,19000,161,0.001,0.073041539,262,0.614503817,158,0.479672235,1522,169,26.4,26.1,23.1,1976122,738652,2632275,10507440,69963,1403717,6645242,2860653,2579380,4385659,1029100,996596,216,76,410,54,20,18,155,1281,144,1310,4157,74,208,3.6,4.4,4.5,4.3,3,2.5,2.5,2.9,4,2.8,2.6,1.9,1.2,0.9,0.7,0.4,0.2,4.2,44.2,44.2,40.8,"Bathgate, Belmont, Bronx Park South, East Tremont, West Farms",8.8,11.8,13.6,0.9,13.3,19.4,36.7,30.6,91.9,94.3,95.1,31.4,50.5,50.8,44.5,63.3,1.1,99,4.2,75688,83268,NA,0.1,30.3,26.2,19.8,3705,TRUE,Bronx CD 3,Crime,Schools,Unemployment,35824799,28.9,25.2,21,6.9,8.2,4.9,6,Bronx ,BX,4404,0.047619048,5446,0.808666911,NA,NA,NA,NA,NA,NA,NA,NA,NA,NA,NA,NA,NA,NA,NA,NA
BX 07 - Kingsbridge Heights/Bedford,2017,433105.2622,188528.1729,21,1,0.005266727,12.49946154,0.288188002,0.259988074,0.99522249,0.898369329,BX07,BX,2,7,207,Bronx CD 7,81,1223.5,1.9,207,6816,50654,20,4,18,34,1742,20128,96515,15.823031,14.3,11.8,3.4,3.3,4,4.4,4.4,3.6,3,3,3.6,3.7,2.9,2.8,1.8,1.6,0.8,0.8,0.8,4.4,0.06,9,0,0,NA,0,0,0.012048193,7,0,0,0.559546314,296,0,0.12,9,0,0,NA,0,0,0.012048193,7,0,0,0.559546314,296,0,36.8,26.1,23.1,2086603,397699,3130140,2358290,32143,753920,7766231,3416882,5090684,5136076,1211837,1572769,228,20,356,24,7,19,164,1256,345,975,3637,57,124,3.4,3.4,3.9,4.9,4.3,3.2,3.1,2.8,3.1,2.7,2.1,2.5,1.4,0.9,0.7,0.4,0.3,4.5,44.3,44.2,40.8,"Bedford Park, Fordham, Kingsbridge Heights, Norwood, University Heights",9.5,11.8,13.6,5.6,16.6,19.4,36.7,14.8,93,94.3,95.1,43.8,55.3,50.8,44.5,71.3,2.2,98,6.3,141411,139286,133339,-0.02,27.4,26.2,19.8,3706,FALSE,NA,"Land use trends (zoning, development, neighborhood preservation, etc.)",Schools,Other,32953274,26.6,25.2,21,6.9,8.6,4.9,7,Bronx ,BX,3315,0.174603175,4235,0.782762692,NA,NA,NA,NA,NA,NA,NA,NA,NA,NA,NA,NA,NA,NA,NA,NA
BX 08 - Riverdale/Fieldston,2017,810161.6081,568011.9465,58,34,0.04606333,9.456311252,0.462893082,0.404176904,0.631724045,0.943361126,BX08,BX,2,8,208,Bronx CD 8,63,2113.1,3.3,208,5420,44616,10,6,23,22,957,20128,96515,8.827964,14.3,11.8,2.2,1.9,3.8,4.2,3.8,3.6,2.8,3.3,2.9,3.3,3.3,3.4,3,2,1.9,1.4,2.4,3.5,0.82,96,0.133040936,91,47000,305,0.119,0.289340102,684,0.445906433,36,0.517891997,796,989,1.31,102,0.114285714,116,47000,368,0.131,0.306646526,1015,0.362561576,41,0.511267606,1089,1035,21.7,26.1,23.1,2143775,421733,1654409,9510142,728761,616377,12550444,18252913,12154454,2992979,6439205,10226801,188,11,155,47,3,20,141,3066,283,548,4977,37,435,2.8,2.9,3.3,3.6,4,2.8,3,3,3,2.6,2.5,2.4,2.5,1.5,1.2,0.8,0.9,4.3,45.7,44.2,40.8,"Fieldston, Kingsbridge, Marble Hill (MN), North Riverdale, Riverdale, Spuyten Duyvil",17.8,11.8,13.6,4.5,39.9,19.4,36.7,12.1,96.9,94.3,95.1,34.2,45.1,50.8,44.5,48.1,2.3,92,32.7,101332,101731,111182,0,15.8,26.2,19.8,3701,FALSE,NA,"Land use trends (zoning, development, neighborhood preservation, etc.)",Parks,Senior services,77691993,21.3,25.2,21,6.9,5.6,4.9,8,Bronx ,BX,539,0.625,839,0.642431466,Riverdale/Kingsbridge,2017,105971.1765,47937.10949,0.184964,113242,0.297166,0.009090909,0.14,45703,0.34,0.085590865,0.0409654,0.11773,0.488079,0.314918
BX 09 - Parkchester/Soundview,2017,397437.77,137574.6127,57,260,0.39766654,11.80512832,0.276683938,0.228123419,0.701497037,0.892559383,BX09,BX,2,9,209,Bronx CD 9,178,2622.5,4.1,209,13473,76284,11,4,28,50,2057,20128,96515,12.331688,14.3,11.8,3.2,3,4.2,4.2,3.6,3.9,3.2,3.5,3.1,3.8,3.2,3.2,2.3,1.8,1.6,0.8,0.9,3.6,0.99,798,0.39804401,814,36000,1692,0.469,0.531583052,2045,0.827383863,654,0.543882979,818,1167,2.29,2617,0.444973545,1682,21000,2779,0.5,0.253606172,3780,0.735185185,20950,0.576279528,5855,12823,25.4,26.1,23.1,4278133,3208457,5956160,10972386,378005,2769610,4979743,16661265,14556247,11087582,950044,7203080,274,70,305,43,29,21,155,6228,111,3150,10989,55,391,3.2,3.3,4.2,4,3.6,3,2.5,3.4,3.8,2.9,2.6,2.1,1.6,1.2,1,0.6,0.4,3.6,45.9,44.2,40.8,"Bronx River, Castle Hill, Clason Point, Harding Park, Parkchester, Soundview, Soundview-Bruckner, Unionport",12.1,11.8,13.6,7,16.6,19.4,36.7,29.1,95.1,94.3,95.1,32,48.8,50.8,44.5,58.1,2.9,86,2.8,167859,172298,190848,0.03,27.6,26.2,19.8,3709,FALSE,NA,Affordable housing,Crime,"Land use trends (zoning, development, neighborhood preservation, etc.)",83000712,24.3,25.2,21,6.9,7.2,4.9,9,Bronx ,BX,4920,0.547826087,5177,0.95035735,NA,NA,NA,NA,NA,NA,NA,NA,NA,NA,NA,NA,NA,NA,NA,NA
BX 10 - Throgs Neck/Co-op City,2017,468772.7544,361770.2778,182,48,0.13580969,8.738122134,0.401498929,0.375,0.272116864,0.750624488,BX10,BX,2,10,210,Bronx CD 10,224,4124.8,6.4,210,20199,50041,11,5,12,28,1073,20128,96515,8.883873,14.3,11.8,2.3,2.5,3.8,3.4,3.4,3.2,3.2,4,2.8,3.5,3.4,3.7,3,2.7,2.4,1.6,2.3,2.4,2.66,4249,0.2946854,2412,42000,4273,0.514,0.488132157,8185,0.522052535,11229,0.419639383,3235,20555,4.77,5599,0.234437976,3141,37000,5964,0.536,0.469512195,13398,0.445141066,28407,0.426672446,5906,22675,12.7,26.1,23.1,9331778,2276078,2385009,16755447,2116972,2508260,17606529,42193939,10097275,8563657,737498,22044832,377,94,377,64,41,22,142,11176,56,1863,15184,62,708,3,2.7,3.7,2.4,2.4,2.8,3.5,3.3,3,3.3,2.9,3.1,2.4,2.1,1.4,0.9,0.8,2.6,44.5,44.2,40.8,"City Island, Co-op City, Country Club, Edgewater Park, Pelham Bay, Schuylerville, Throgs Neck, Westchester Square",19.6,11.8,13.6,3.3,26.6,19.4,36.7,27.9,97.7,94.3,95.1,21.7,39.2,50.8,44.5,38.4,2.2,51,28.4,115948,120392,122586,0.04,14,26.2,19.8,3703,FALSE,NA,"Quality of life issues (noise, graffiti, petty crime, etc.)",Traffic,Trash removal & cleanliness,136617274,19,25.2,21,6.9,4.9,4.9,10,Bronx ,BX,226,0.845670053,276,0.81884058,Throgs Neck/Co-op City,2017,81198.57455,46608.24064,0.102201,113395,0.473529,0.319095477,0.118090452,47765,0.289,0.037146281,0.0356012,0.287596,0.398607,0.255355
BX 11 - Morris Park/Bronxdale,2017,473868.1104,182413.7457,130,15,0.52483064,10.74784513,0.371541502,0.335370512,0.858007149,0.743979257,BX11,BX,2,11,211,Bronx CD 11,175,2302.6,3.6,211,15237,68264,35,3,7,32,1228,20128,96515,9.378153,14.3,11.8,2.8,2.8,3.6,4.4,3.8,3.5,3.7,3.4,3.1,3.3,3.1,2.9,2.4,1.6,1.4,1.4,1.8,3,0.28,85,0.270588235,23,44000,34,0,0.116758242,85,0.4,296,0.49399657,288,9,0.64,401,0.514705882,210,23000,211,0.004,0.727272727,408,0.517156863,2365,0.55862069,81,491,24,26.1,23.1,4821018,1342736,2784770,448907,326909,1072236,11027432,26353911,5486936,5757598,2185030,1348866,330,67,395,14,13,23,135,9219,160,1710,12715,124,373,3.2,3.5,3.2,4.2,3.5,3.6,3.3,3.1,3.1,3.1,2.9,2.3,1.9,1.3,1.1,0.8,0.7,3.3,43.5,44.2,40.8,"Allerton, Bronxdale, Indian Village, Morris Park, Pelham Gardens, Pelham Parkway, Van Nest",14.5,11.8,13.6,8,24.1,19.4,36.7,21.4,95.4,94.3,95.1,34.3,47.6,50.8,44.5,46.7,2.2,86,22,110706,113232,129590,0.02,20.6,26.2,19.8,3704,FALSE,NA,Police-community relations,Public health facilities,"Quality of life issues (noise, graffiti, petty crime, etc.)",62956349,22.3,25.2,21,6.9,6.7,4.9,11,Bronx ,BX,232,0.61523554,350,0.662857143,Pelham Parkway,2017,78759.93716,36150.53193,0.163771,120116,0.331997,0.273006135,0.503067485,45359,0.376,0.095117878,0.0935929,0.198225,0.423366,0.267458
BX 12 - Williamsbridge/Baychester,2017,397437.77,338717.8681,156,5,0.11047967,15.73412803,0.306208054,0.21641791,0.747298755,0.458160411,BX12,BX,2,12,212,Bronx CD 12,306,3556.3,5.6,212,24673,54697,15,5,5,32,2434,20128,96515,15.674988,14.3,11.8,3.1,3.6,4.4,4.4,3.6,3.5,3.4,4.1,2.9,3.9,3.6,3,2.3,1.8,1.5,1,1.1,3.2,0.25,92,0.341941229,384,29000,679,0.171,0.395422535,1123,0.604630454,40,0.511169514,778,59,0.56,224,0.389726027,569,36000,869,0.171,0.413129598,1460,0.59520548,1120,0.489304813,915,857,9.7,26.1,23.1,4108953,3248352,2161316,21250942,322581,1620262,6889081,39564794,6032829,12331053,2975423,3320109,401,144,489,26,36,24,245,14373,107,3558,20610,174,751,3.1,3.2,4.1,3.6,2.7,2.7,3.2,3.2,3,3.4,2.7,2.5,1.8,1.3,1,0.7,0.6,3.1,46.2,44.2,40.8,"Baychester, Eastchester, Edenwald, Olinville, Wakefield, Williamsbridge, Woodlawn",13,11.8,13.6,3.1,22.7,19.4,36.7,65.1,93.8,94.3,95.1,40.2,51.4,50.8,44.5,22.9,2.3,67,6.6,149077,152344,147447,0.02,20.9,26.2,19.8,3702,FALSE,NA,Parks,"Quality of life issues (noise, graffiti, petty crime, etc.)",Trash removal & cleanliness,103825695,22.4,25.2,21,6.9,7.1,4.9,12,Bronx ,BX,1197,0.346549708,1376,0.869912791,Williamsbridge/Baychester,2017,88507.35324,42640.99644,0.146058,150411,0.405287,0.606138107,0.460358056,51829,0.347,0.12300104,0.0225715,0.671713,0.230116,0.0544774
BK 01 - Greenpoint/Williamsburg,2017,2420294.112,947736.2208,16,791,0.11104491,13.28842232,0.425629291,0.411021814,0.922287835,0.890409962,BK01,BK,3,1,301,Brooklyn CD 1,387,3025.3,4.7,301,16906,82471,20,4,25,34,2336,28276,96515,16.143842,11.2,11.8,2.2,2.1,3.5,7.9,6.5,4.5,2.8,2.2,2.8,2.1,2.2,2.4,1.8,1.1,1,0.8,1.1,3.8,1.11,1294,0.350649351,918,93000,1812,0.041,0.206776716,2618,0.692131398,3397,0.416007905,3789,10046,2.49,3495,0.37374861,1680,82000,2880,0.118,0.182708723,4495,0.640711902,21206,0.435719287,8090,22491,22,22.9,23.1,4204717,22582673,10829992,4721583,3036007,2780417,4944990,4891293,7106976,16604613,9105825,3100993,454,1215,2786,78,253,25,342,2561,445,5881,14925,142,381,2.4,2.4,2.9,7,7.2,5,3.1,2.3,2.8,2.2,1.9,1.8,1.7,0.7,0.7,0.4,0.5,4.4,34.5,42.4,40.8,"East Williamsburg, Greenpoint, Northside, Southside, Williamsburg",9.7,12.8,13.6,7.5,47.8,35.2,36.7,4.5,89.6,92.1,95.1,24.1,40.3,45.8,44.5,23,2.1,97,62.6,160338,173083,160799,0.08,15.5,20.9,19.8,4001,FALSE,NA,Affordable housing,"Land use trends (zoning, development, neighborhood preservation, etc.)",Senior services,93910079,21.1,23.1,21,5.1,4.1,4.9,1,Brooklyn ,BK,5386,0.070967742,9779,0.550772063,Williamsburg/Greenpoint,2017,83032.90272,77201.77729,0.233335,152002,0.157502,0,0.157303371,69834,0.298,0.082198453,0.0701175,0.035618,0.215866,0.645393
BK 02 - Fort Greene/Brooklyn Heights,2017,3821517.019,1401222.907,31,794,0.11125073,19.52477991,0.530546624,0.4512,0.943554931,0.973657928,BK02,BK,3,2,302,Brooklyn CD 2,136,1821,2.8,302,8677,64080,28,4,30,38,1940,28276,96515,14.580443,11.2,11.8,1.8,2.5,3.7,6.3,6.7,4.8,3.7,3.3,2.2,2.8,2.5,2.7,2.2,1.6,1,0.9,1,3.4,0.48,240,0.234861347,415,119000,1277,0.042,0.400226501,1767,0.722693831,790,0.34344894,713,1815,1,414,0.24211099,445,77000,1321,0.048,0.289722573,1838,0.718715996,1919,0.377120823,1467,3978,8.7,22.9,23.1,3987472,1685653,6914727,4820490,182964,739865,8092133,4767862,5623993,7230105,9518747,1221574,309,163,1220,107,26,26,252,2471,254,2942,8147,69,198,2.1,2.1,3.2,5.2,6.1,4.7,3.6,3.3,2.4,2.4,2.2,2,1.6,0.9,0.7,0.4,0.5,3.4,35.3,42.4,40.8,"Boerum Hill, Brooklyn Heights, Clinton Hill, Downtown Brooklyn, DUMBO, Fort Greene, Fulton Ferry, Navy Yard, Vinegar Hill",10.9,12.8,13.6,9.4,61.1,35.2,36.7,26.6,94.8,92.1,95.1,19.6,30.7,45.8,44.5,14.8,4.2,99,44.9,98620,99617,139203,0.01,11,20.9,19.8,4004,FALSE,NA,Affordable housing,Schools,Other,54785585,17.7,23.1,21,5.1,5.1,4.9,2,Brooklyn ,BK,2744,0.166465794,7507,0.36552551,Brooklyn Heights/Fort Greene,2017,138109.6251,78781.33765,0.148676,135444,0.330295,0,0.120934959,64915,0.259,0.021777588,0.0904581,0.257597,0.148777,0.472143
BK 03 - Bedford Stuyvesant,2017,917164.0846,789780.184,35,237,0.18836758,17.49844756,0.312987013,0.231065469,0.87671334,0.941938438,BK03,BK,3,3,303,Brooklyn CD 3,241,1824.2,2.9,303,17006,67704,21,4,15,44,2699,28276,96515,20.585544,11.2,11.8,3,2.9,4.7,6.1,4.6,3.8,3,2.9,3.3,2.9,3.2,2.3,1.9,1.3,1.2,0.9,0.7,4,0,0,0,0,NA,0,0,0,0,0,0,0,0,0,0.05,87,0.452830189,192,70000,312,0,0.190647482,424,0.735849057,0,0.708284024,1197,194,12.1,22.9,23.1,1568496,1625330,4874365,1598265,180380,1000366,6468028,13071576,6620088,14986373,407886,2168500,232,171,1495,37,52,27,367,6858,218,6468,16902,45,718,3.3,3.1,3.7,5.5,4.3,3.5,2.5,2.6,3.9,2.5,2.3,1.8,1.5,1.1,0.6,0.4,0.4,4.5,41.3,42.4,40.8,"Bedford-Stuyvesant, Stuyvesant Heights, Tompkins Park North",10,12.8,13.6,3.3,31.6,35.2,36.7,51.1,89.4,92.1,95.1,19.9,45.5,45.8,44.5,19.3,2,95,24.3,143867,152985,145259,0.06,21.2,20.9,19.8,4003,FALSE,NA,Affordable housing,Schools,Trash removal & cleanliness,54569653,25.7,23.1,21,5.1,6.8,4.9,3,Brooklyn ,BK,2630,0.153130205,3949,0.66599139,Bedford Stuyvesant,2017,111591.3542,38420.0035,0.243765,142027,0.238024,0.023489933,0.590604027,58014,0.306,0.087079082,0.02684,0.487696,0.194005,0.266111
BK 04 - Bushwick,2017,881496.5924,662742.7675,12,56,0.044657946,13.83241295,0.280353201,0.277599143,0.979316727,0.765256102,BK04,BK,3,4,304,Brooklyn CD 4,214,1300.9,2,304,11575,39984,17,2,13,34,1588,28276,96515,11.884736,11.2,11.8,2.8,2.6,5.6,6.7,5,3.7,2.9,2.8,2.9,2.6,2.4,2.3,1.8,1.3,0.9,0.7,0.6,3,0,0,0,0,NA,0,0,0,0,0,0,0,0,0,0,0,0,0,NA,0,0,0,0,0,0,0,0,0,26,22.9,23.1,1563059,1832239,3470903,6324053,202687,732929,3292806,8041254,1353157,11818071,637369,740094,216,160,1172,99,62,28,180,4052,92,4627,11182,58,250,2.9,3,5.5,7.7,5.4,3.9,3.1,2.7,2.9,2.6,2,1.4,1.3,0.8,0.6,0.5,0.2,3,40.8,42.4,40.8,Bushwick,8.7,12.8,13.6,5.3,26.3,35.2,36.7,18.9,90.5,92.1,95.1,32.9,47.4,45.8,44.5,56.9,1.6,88,17.1,104358,112634,135515,0.08,24.8,20.9,19.8,4002,FALSE,NA,Affordable housing,"Land use trends (zoning, development, neighborhood preservation, etc.)",Street conditions (roadway maintenance),40008621,21,23.1,21,5.1,7.2,4.9,4,Brooklyn ,BK,942,0.058047074,3717,0.253430186,Bushwick,2017,87853.10952,49379.09524,0.271181,140474,0.128726,0.051724138,0.974137931,51437,0.33,0.044644947,0.0560744,0.170309,0.538698,0.214844
BK 05 - East New York/Starrett City,2017,427839.7213,308778.5752,100,33,0.16747995,17.10261569,0.298993487,0.244968373,0.712324675,0.853575697,BK05,BK,3,5,305,Brooklyn CD 5,546,3569.3,5.6,305,23281,63596,24,4,12,61,3206,28276,96515,20.905923,11.2,11.8,3.2,3.3,4.3,4.1,4.1,3.5,3.4,3.9,3.7,3.8,3.4,2.8,2.2,1.7,1,0.9,0.9,3.8,0.29,11,0.443148688,152,20000,319,0.144,0.118153634,343,0.930029155,0,0.55513308,1314,48,1.14,661,0.541797612,862,23000,1367,0.156,0.177765363,1591,0.859208045,2526,0.54659718,3566,6530,15.9,22.9,23.1,4278867,7014135,6176147,16571315,713450,6913457,8125063,29205142,10401714,12630974,5480689,6143237,300,378,1268,80,182,29,352,12583,53,4135,20987,190,920,3.6,3.4,3.7,3.7,3.1,3.2,2.6,2.8,3.7,3.1,2.7,2.3,1.5,1.1,0.7,0.5,0.4,3.9,45.5,42.4,40.8,"Broadway Junction, City Line, Cypress Hills, East New York, Highland Park, New Lots, Spring Creek, Starrett City",10.9,12.8,13.6,4.6,14.6,35.2,36.7,52.1,89.9,92.1,95.1,35.6,48.7,45.8,44.5,37.1,2.4,85,3.8,173198,182896,158784,0.06,28.7,20.9,19.8,4008,FALSE,NA,Health care services,"Land use trends (zoning, development, neighborhood preservation, etc.)",Trash removal & cleanliness,113654190,25.9,23.1,21,5.1,5.1,4.9,5,Brooklyn ,BK,12035,0.296992481,12585,0.956297179,East New York/Starrett City,2017,68354.20108,31274.27621,0.246757,176471,0.219438,0.478787879,0.584848485,65828,0.367,0.127943327,0.0379779,0.527662,0.381961,0.0389866
BK 06 - Park Slope/Carroll Gardens,2017,2679780.213,1306449.285,40,380,0.12257695,10.62945879,0.697648376,0.633259912,0.910339346,0.854779684,BK06,BK,3,6,306,Brooklyn CD 6,231,1962.7,3.1,306,14234,54104,17,5,22,29,1116,28276,96515,9.79208,11.2,11.8,2,1.7,2.5,5.1,6.7,5.6,4.4,3.6,3.2,2.7,2.5,2.4,1.9,1.3,0.8,0.9,0.7,4.1,0.98,1354,0.262125903,508,37000,1355,0.104,0.206323858,1938,0.699174407,6940,0.403620715,2720,6171,1.59,2163,0.287533771,745,52000,1764,0.113,0.22824172,2591,0.680818217,14848,0.398018063,3173,8630,7,22.9,23.1,4385743,14072150,4196001,3638690,2081159,2219751,3050763,8104510,3956788,12713062,3693259,2519823,231,544,1667,38,126,30,175,4548,125,5603,13802,100,414,2.5,1.5,1.7,4.5,5.8,5.3,4.5,3.9,2.6,2.5,2.4,2.1,1.6,1.1,0.6,0.5,0.3,4.2,38,42.4,40.8,"Carroll Gardens, Cobble Hill, Columbia St, Gowanus, Park Slope, Red Hook",9.8,12.8,13.6,6.6,72.1,35.2,36.7,6.7,95.9,92.1,95.1,16.5,28.5,45.8,44.5,17.3,4.7,94,64.6,104054,104709,118940,0.01,9.6,20.9,19.8,4005,FALSE,NA,Affordable housing,"Commercial development (retail mix, small business, MWBE support, etc.)",Infrastructure resiliency,64631699,21,23.1,21,5.1,4,4.9,6,Brooklyn ,BK,500,0.043478261,1426,0.350631136,Park Slope/Carroll Gardens,2017,177286.7985,111460.9131,0.0778846,116209,0.428073,0.001453488,0.023255814,50322,0.235,0.014275457,0.0715951,0.0609505,0.171957,0.638677
BK 07 - Sunset Park,2017,1331926.065,818314.1777,27,130,0,8.516200586,0.440658049,0.470419299,0.943932993,0.775341262,BK07,BK,3,7,307,Brooklyn CD 7,146,2390.6,3.7,307,14587,40951,21,2,16,26,1099,28276,96515,7.397846,11.2,11.8,2.8,2.6,3.2,5,4.3,4.1,3.6,3.3,3.3,3.2,2.3,2.3,1.7,1.1,1,0.8,0.7,3.8,0.65,238,0.806451613,50,25000,46,0,0.148325359,62,0.741935484,67,0.60952381,192,0,1.35,367,0.631205674,89,30000,88,0.004,0.158962796,141,0.624113475,2363,0.645021645,447,167,49.3,22.9,23.1,2348621,11062325,3771343,22511978,384456,885496,2908460,12494216,1141849,8943101,12932654,1212798,233,619,1568,37,41,31,165,6378,82,3717,13314,145,183,3.1,2.3,3.1,5.3,5,4.6,3.8,3.5,3.8,3.2,2.6,2.2,1.6,1,0.7,0.6,0.3,4.1,42.9,42.4,40.8,"Sunset Park, Windsor Terrace",9.6,12.8,13.6,32.2,27.3,35.2,36.7,2.5,92.6,92.1,95.1,47.2,50.2,45.8,44.5,41.1,1.6,87,22.6,120063,126230,149960,0.05,27.9,20.9,19.8,4012,FALSE,NA,Affordable housing,Schools,Other,80597297,23.9,23.1,21,5.1,4.5,4.9,7,Brooklyn ,BK,770,0.0875,1034,0.744680851,Sunset Park,2017,98332.21872,49207.89128,0.221474,144332,0.298689,0,0.39527027,46064,0.319,0.029307369,0.327252,0.0244506,0.398927,0.227469
BK 08 - Crown Heights/Prospect Heights,2017,978308.3569,914646.9787,17,360,0.10280848,12.12662355,0.395480226,0.297951583,0.982119997,0.76747461,BK08,BK,3,8,308,Brooklyn CD 8,141,1047,1.6,308,8336,46868,14,1,8,20,1167,28276,96515,10.868352,11.2,11.8,2.6,2.4,4.1,6.1,5.7,4.5,3.4,3.3,2.4,3.7,3.5,2.5,2.2,1.6,1.2,0.7,1,3,0,0,0,0,NA,0,0,0,0,0,0,0,0,0,0,0,0,0,NA,0,0,0,0,0,0,0,0,0,7.6,22.9,23.1,835001,839074,2797001,1591922,70811,682736,3088953,5911289,3884985,9885797,564886,602584,116,104,1034,13,43,32,212,2732,186,3145,8037,70,241,2.3,2.7,3.9,5.4,4.5,3.6,3.4,2.8,2.5,2.3,2.6,2.3,1.6,0.9,0.8,0.5,0.4,3.5,41.5,42.4,40.8,"Crown Heights, Prospect Heights, Weeksville",11,12.8,13.6,3.9,39.1,35.2,36.7,58.1,89.9,92.1,95.1,29.3,43.8,45.8,44.5,12.6,3.4,92,21.6,96076,96317,131395,0,20.4,20.9,19.8,4006,FALSE,NA,"Land use trends (zoning, development, neighborhood preservation, etc.)",Parks,Infrastructure resiliency,30755039,19.4,23.1,21,5.1,5.1,4.9,8,Brooklyn ,BK,1515,0.074380165,3180,0.476415094,North Crown Heights/Prospect Heights,2017,127502.1129,48136.84745,0.199759,141725,0.198106,0.032,0.370666667,60247,0.303,0.054167994,0.0557982,0.557382,0.116663,0.241432
BK 09 - South Crown Heights/Lefferts Gardens,2017,1268743.65,602475.9155,44,38,0.008622645,12.42519989,0.368171021,0.250580046,0.904834031,0.70454137,BK09,BK,3,9,309,Brooklyn CD 9,49,1040.6,1.6,309,8764,38953,18,3,2,27,1235,28276,96515,12.042475,11.2,11.8,3.3,2.8,3.3,5.3,4.5,3.7,3.1,3.6,2.7,3.5,3.3,3.3,2.8,2,1.6,1.1,1.3,3.6,0,0,0,0,NA,0,0,0,0,0,0,0,0,0,0,0,0,0,NA,0,0,0,0,0,0,0,0,0,10.6,22.9,23.1,978467,301454,3030016,525724,41068,472263,6167669,10183235,3633633,4794550,297770,329555,107,20,797,7,10,33,167,4201,205,1253,6950,26,108,2.8,2.7,3.9,5.1,4.3,3.1,2.8,2.4,2.9,2.4,2.6,2.4,1.7,1.3,0.7,0.7,0.5,2.9,42.4,42.4,40.8,"Crown Heights South, Prospect Lefferts Gardens, Wingate",13.7,12.8,13.6,1.9,30.7,35.2,36.7,65.3,91.2,92.1,95.1,41.1,48.1,45.8,44.5,8.9,2.5,91,21.6,104014,98429,110156,-0.05,20.8,20.9,19.8,4011,FALSE,NA,Affordable housing,Schools,Youth and childrens services,30755404,21.7,23.1,21,5.1,6.6,4.9,9,Brooklyn ,BK,1176,0.179487179,2032,0.578740157,South Crown Heights,2017,79143.10793,46357.54912,0.191438,113212,0.173062,0.046357616,0.635761589,48000,0.338,0.035301881,0.018143,0.601818,0.0978695,0.255238
BK 10 - Bay Ridge/Dyker Heights,2017,993594.425,636919.5032,155,37,0,6.843868231,0.607647548,0.626115166,0.743662395,0.597920928,BK10,BK,3,10,310,Brooklyn CD 10,85,2548.9,4,310,24267,53293,14,4,13,18,846,28276,96515,6.60669,11.2,11.8,2.5,2.6,2.7,4,3.9,3.6,3.5,3.5,2.7,3.6,3.4,3.2,3,1.9,1.5,1.3,1.7,3.1,0.99,149,0.277662415,936,56000,1820,0.722,0.399360265,3371,0.53989914,0,0.437037037,1770,0,2.03,163,0.277662415,936,56000,1820,0.773,0.399360265,3371,0.53989914,12,0.437037037,1770,249,28.2,22.9,23.1,2017854,286268,4499943,26275266,23357,412649,12388980,29047735,3271144,7924709,777259,307704,270,41,1836,30,7,34,147,11689,171,2580,17067,76,135,2.4,2.1,2.7,4.3,4.2,3.2,3.3,3.3,2.8,3.6,3.2,3.1,2.2,1.7,1.1,0.8,0.8,3.2,44,42.4,40.8,"Bay Ridge, Dyker Heights, Fort Hamilton",16.1,12.8,13.6,24.5,40.5,35.2,36.7,1.7,97.5,92.1,95.1,39.4,43.5,45.8,44.5,15.9,1.8,81,55.9,122542,124491,124851,0.02,19,20.9,19.8,4013,FALSE,NA,"Land use trends (zoning, development, neighborhood preservation, etc.)",Parks,Senior services,87232868,19.6,23.1,21,5.1,4.5,4.9,10,Brooklyn ,BK,2,1,2,1,Bay Ridge,2017,98894.74603,57471.53968,0.151506,123488,0.419987,0.002309469,0.113163972,52652,0.31,0.010842926,0.282068,0.0305941,0.157853,0.508584
BK 11 - Bensonhurst,2017,827995.3542,611442.7231,92,87,0,6.19295421,0.582513661,0.604012672,0.865140026,0.459774629,BK11,BK,3,11,311,Brooklyn CD 11,95,2368.6,3.7,311,29551,66202,9,2,6,24,1128,28276,96515,5.908536,11.2,11.8,2.3,2.4,2.8,4.1,4,3.6,3.6,3.3,2.6,3.6,3.3,3.2,2.5,1.6,1.4,1.4,1.8,3.6,0.33,1250,0.466784765,1581,35000,1841,0.054,0.411693205,3387,0.543548863,5068,0.527765237,2338,3130,0.77,2781,0.467031713,2047,33000,2290,0.059,0.380006936,4383,0.522473192,16323,0.523758594,3428,7784,47.1,22.9,23.1,4057277,1805034,4640169,2017971,86215,722884,2833018,29856794,2237643,18504272,1854878,853606,416,123,1802,15,10,35,138,12797,127,6032,21810,101,154,2.9,2.6,3,4.2,4.3,3.5,3.3,3,3.1,3.4,3.2,2.8,2.2,1.4,1.2,1,0.9,3.4,46.8,42.4,40.8,"Bath Beach, Bensonhurst, Gravesend, Mapleton",15.3,12.8,13.6,39.8,29.5,35.2,36.7,1,93.9,92.1,95.1,55.8,48.9,45.8,44.5,14.4,1.5,64,43,172129,181981,191977,0.06,22.5,20.9,19.8,4017,FALSE,NA,"Land use trends (zoning, development, neighborhood preservation, etc.)","Quality of life issues (noise, graffiti, petty crime, etc.)",Street conditions (roadway maintenance),69469761,20.9,23.1,21,5.1,4.4,4.9,11,Brooklyn ,BK,370,0.846153846,373,0.991957105,Bensonhurst,2017,92589.75248,41399.76771,0.17261,205850,0.367448,0.004975124,0.582089552,69030,0.363,0.047496381,0.388749,0.0178382,0.155152,0.404469
BK 12 - Borough Park,2017,1120978.326,752309.9548,87,189,0,4.545882058,0.448207171,0.509032258,0.914528778,0.3964675,BK12,BK,3,12,312,Brooklyn CD 12,138,2292.3,3.6,312,24891,60184,24,4,6,21,874,28276,96515,6.022785,11.2,11.8,4.5,3.5,3.1,3.8,3.2,2.8,2.7,2,4.7,1.8,2.2,2.4,2.4,1.1,0.9,1,1.5,6,0,0,0,0,NA,0,0,0,0,0,0,0,0,0,0,0,0,0,NA,0,0,0,0,0,0,0,0,0,30.9,22.9,23.1,2421584,1449740,5303717,3696333,121162,604635,4729550,26630620,3463187,14838850,1930151,1126025,448,229,2034,23,31,36,501,10217,210,5042,19348,151,324,4.7,3.9,3.6,3.7,3.8,3,2.9,1.9,4.9,2.3,2.1,2.2,2,1,0.7,0.5,0.8,6.5,36.7,42.4,40.8,"Borough Park, Kensington, Ocean Parkway",11.8,12.8,13.6,14.3,28.7,35.2,36.7,2.3,85.1,92.1,95.1,29.1,61,45.8,44.5,10.8,2,74,70.6,185046,191382,164461,0.03,27.2,20.9,19.8,4014,FALSE,NA,Affordable housing,Traffic,Trash removal & cleanliness,66315554,36.3,23.1,21,5.1,3.5,4.9,12,Brooklyn ,BK,188,0.842105263,243,0.773662551,Borough Park,2017,88942.49664,34532.24686,0.308085,146556,0.376767,0.002840909,0.767045455,45876,0.439,0.133701571,0.157387,0.0183002,0.120418,0.688945
BK 13 - Coney Island,2017,527369.3487,560489.1628,46,99,0.25441542,8.429390667,0.417056075,0.40389016,0.729082973,0.85003583,BK13,BK,3,13,313,Brooklyn CD 13,199,2023.6,3.2,313,7895,46051,14,6,16,25,901,28276,96515,8.662746,11.2,11.8,2.3,2.6,2.8,3,3.2,3.1,3.3,3,2.7,3.5,3.6,3.9,3.7,2.5,3.5,2.1,2.5,3.1,2.57,7466,0.322110793,4047,15000,5554,1.023,0.278927271,12564,0.44205667,84613,0.580296566,16593,43823,4.52,7861,0.321678849,4269,15000,5884,1.023,0.271673934,13271,0.443372768,103452,0.576166296,18155,45976,43.8,22.9,23.1,2839011,667961,3051906,28363944,471480,1611298,4371675,8891287,11727658,4822831,1040312,5802608,252,51,421,75,38,37,117,3534,180,1425,6766,79,395,2.8,2.4,2.5,3.6,2.6,2.9,2.5,2.8,2.8,2.8,2.8,2.7,2.9,1.7,2,1.3,1.3,3.1,46.4,42.4,40.8,"Brighton Beach, Coney Island, Gravesend, Homecrest, Sea Gate, West Brighton",23.4,12.8,13.6,14,36.6,35.2,36.7,11.1,94.5,92.1,95.1,52.5,46.5,45.8,44.5,15.7,2.5,95,56.6,106120,104278,114207,-0.02,24.4,20.9,19.8,4018,FALSE,NA,Infrastructure resiliency,Street conditions (roadway maintenance),Traffic,73661971,19.8,23.1,21,5.1,5.4,4.9,13,Brooklyn ,BK,2467,0.226190476,2867,0.860481339,Coney Island,2017,78020.09146,24617.7031,0.248412,122009,0.278232,0.016806723,0.403361345,51108,0.346,0.154851206,0.111198738,0.125361462,0.187253549,0.554268533
BK 14 - Flatbush/Midwood,2017,1222885.446,608385.5095,151,44,0,8.010506398,0.412520064,0.39514867,0.946582927,0.297115941,BK14,BK,3,14,314,Brooklyn CD 14,61,1886.6,2.9,314,17015,60505,20,5,2,25,1300,28276,96515,8.833473,11.2,11.8,3.2,3,4.1,4.8,4.1,3.4,3.6,3,3.6,3.1,3.3,2.9,2.3,1.4,1.3,0.9,1.2,3.9,0,0,0,0,NA,0,0,0,0,0,0,0,0,0,0,0,0,0,NA,0,0,0,0,0,0,0,0,0,26.2,22.9,23.1,2472208,178998,3563093,2054014,50165,407180,4734744,26616864,8210101,5541252,1444841,404043,363,16,1197,11,9,38,242,7833,530,1237,11700,81,120,3.2,3.1,3.3,3.9,3.5,3.5,2.9,2.8,3.4,2.6,2.5,2.6,1.9,1.4,0.9,0.6,0.5,4.2,42.1,42.4,40.8,"Ditmas Park, Flatbush, Manhattan Terrace, Midwood, Ocean Parkway, Prospect Park South",12.5,12.8,13.6,10.7,37.3,35.2,36.7,30.7,92.4,92.1,95.1,41.6,50.1,45.8,44.5,15.7,2.7,59,40.3,168806,160664,164081,-0.05,21.5,20.9,19.8,4015,FALSE,NA,Infrastructure resiliency,Traffic,Other,55677503,25.3,23.1,21,5.1,4.9,4.9,14,Brooklyn ,BK,307,0.428571429,704,0.436079545,Flatbush,2017,110349.1064,47959.52906,0.168204,150707,0.238938,0.008645533,0.39481268,60275,0.344,0.06400113,0.0883834,0.288626,0.150185,0.441658
BK 15 - Sheepshead Bay,2017,805066.252,498069.0134,252,153,0.071080722,7.798308801,0.540625,0.571537873,0.580827887,0.656100218,BK15,BK,3,15,315,Brooklyn CD 15,177,3022.2,4.7,315,30643,64260,18,6,11,23,1255,28276,96515,7.90535,11.2,11.8,2.7,2.5,2.8,3.8,3.3,3.4,2.9,3.3,3,3.4,3.6,3.5,3.2,2.1,1.6,1.1,2,3.4,1.43,8900,0.341156748,3256,39000,4774,0.058,0.499947617,9544,0.500209556,36291,0.529976941,4137,22255,3.2,16875,0.338894307,6602,34000,9473,0.063,0.491708524,19481,0.486268672,82392,0.518300087,8964,38748,34.6,22.9,23.1,4883481,392930,4086542,3296236,548531,652778,7705114,45550607,9049844,7262733,2299402,5783815,656,34,1223,53,62,39,248,17712,288,2160,23339,65,661,3,2.6,3.2,3.4,3.2,3.1,2.9,2.9,3,3.2,3.3,3.1,2.8,1.7,1.5,0.9,1.1,3.8,44.9,42.4,40.8,"Gerritsen Beach, Gravesend, Homecrest, Kings Highway, Manhattan Beach, Plumb Beach, Sheepshead Bay",18,12.8,13.6,17.2,39.9,35.2,36.7,3.9,94.2,92.1,95.1,49.1,48,45.8,44.5,10,2,76,66.8,160319,159650,154037,0,18.6,20.9,19.8,4016,FALSE,NA,Traffic,Transit (buses & subways),Trash removal & cleanliness,91512013,22.1,23.1,21,5.1,4.1,4.9,15,Brooklyn ,BK,983,0.807692308,1147,0.857018309,Sheepshead Bay/Gravesend,2017,94188.6752,44608.82293,0.139837,171030,0.46743,0.023121387,0.25433526,65241,0.337,0.056565383,0.208104,0.05233,0.0798164,0.63707
BK 16 - Brownsville,2017,433105.2622,484294.7374,37,12,0.30106524,18.37674053,0.193353474,0.131343284,0.894148605,0.887499293,BK16,BK,3,16,316,Brooklyn CD 16,159,1188.4,1.9,316,8567,35342,9,3,17,34,1624,28276,96515,12.58877,11.2,11.8,3.7,3.5,3.5,5,4,4.4,4.3,3.9,3.1,4.2,3.3,2.8,2.4,1.5,1.3,1,0.7,3.7,0,0,0,0,NA,0,0,0,0,0,0,0,0,0,0.01,0,0,0,NA,0,0,0,0,0,0,0,0,0,10.1,22.9,23.1,1293167,1383033,2352770,1913162,292397,795944,3220141,7766708,5708857,7123647,1595828,1230708,215,140,623,66,59,40,210,3745,66,2384,8156,97,392,3.9,3.5,4.1,3.6,3.1,2.4,2.6,2.5,3.4,2.9,2.5,1.7,1.5,1,0.7,0.2,0.4,4,47,42.4,40.8,"Broadway Junction, Brownsville, Ocean Hill",10.6,12.8,13.6,1.4,13.6,35.2,36.7,73.1,86.9,92.1,95.1,29.7,54.3,45.8,44.5,21.5,1.2,99,2.6,85343,86468,121459,0.01,29.4,20.9,19.8,4007,FALSE,NA,Affordable housing,Health care services,Youth and childrens services,34676362,26.1,23.1,21,5.1,8.3,4.9,16,Brooklyn ,BK,4414,0.117540029,5393,0.818468385,Brownsville/Ocean Hill,2017,62498.61794,14150.82275,0.398762,111511,0.156631,0.421052632,0.954887218,52301,0.477,0.110865488,0.0190205,0.713257,0.198187,0.0425788
BK 17 - East Flatbush,2017,535012.3827,545203.0947,125,11,0.022265129,12.35410816,0.363847944,0.266768293,0.580608418,0.383433218,BK17,BK,3,17,317,Brooklyn CD 17,156,2153.2,3.4,317,24400,57066,10,4,6,31,1968,28276,96515,14.626822,11.2,11.8,2.9,3.5,3.6,4.3,4.4,3.4,4,4,2.9,3.9,3.8,3.5,3.1,2.2,1.8,1.2,1.2,2.9,0,0,0,0,NA,0,0,0,0,0,0,0,0,0,0,0,0,0,NA,0,0,0,0,0,0,0,0,0,8.7,22.9,23.1,2188291,1864669,3458305,3506575,366770,838058,4365436,27150186,3514223,11418106,1833109,608694,287,183,1127,16,59,41,260,11896,144,3769,18252,137,218,2.9,3,3.3,3.5,2.9,2.6,3,2.6,3.1,2.9,2.5,2.2,1.6,1.8,1.1,0.7,0.5,3.2,46.7,42.4,40.8,"East Flatbush, Farragut, Flatbush, Northeast Flatbush, Remsen Village, Rugby, Erasmus",15.2,12.8,13.6,1.4,23.7,35.2,36.7,87.1,94.2,92.1,95.1,52.2,50.4,45.8,44.5,7.4,1.7,61,2.5,165753,155252,138044,-0.06,19.5,20.9,19.8,4010,FALSE,NA,Schools,Senior services,Street conditions (roadway maintenance),61112422,21.8,23.1,21,5.1,4.9,4.9,17,Brooklyn ,BK,703,0.41025641,1827,0.384783799,East Flatbush,2017,78995.34261,42678.70207,0.136625,140087,0.346711,0.354716981,0.452830189,57792,0.364,0.042754502,0.0205087,0.870538,0.061783,0.0270261
BK 18 - Flatlands/Canarsie,2017,590551.7634,340879.3181,472,60,0.1546215,9.305425668,0.455862069,0.422786548,0.126636286,0.72518045,BK18,BK,3,18,318,Brooklyn CD 18,197,5410.5,8.5,318,44947,65392,11,6,19,35,1827,28276,96515,9.498186,11.2,11.8,3.4,3.1,3.6,3.7,3.5,3,3.7,3.7,3.2,4.1,3.9,3.8,2.9,2,1.3,1,1.3,3,3.83,8647,0.491240256,6365,36000,9618,2.649,0.550846017,12957,0.742301459,31115,0.508589915,4559,14545,8.71,19797,0.474066893,10758,35000,16996,2.811,0.537481348,22693,0.748953422,77004,0.497960631,8424,32881,12.7,22.9,23.1,8464193,4961217,2352641,49057282,1314633,2736702,8282095,77087820,5232514,9235571,6246302,28488487,546,146,856,49,96,42,230,30334,38,2379,35577,174,532,3.3,3.5,3.3,3.4,3.1,2.8,2.8,2.9,2.9,3,3.2,2.9,2.3,1.3,1,0.6,0.6,3.1,47.5,42.4,40.8,"Bergen Beach, Canarsie, Flatlands, Georgetown, Marine Park, Mill Basin, Mill Island, Paerdegat Basin",14.2,12.8,13.6,4.7,31.1,35.2,36.7,62.5,93.4,92.1,95.1,40.2,42,45.8,44.5,8.2,1.7,77,22.8,194653,193543,211993,-0.01,14.6,20.9,19.8,4009,FALSE,NA,Parks,Infrastructure resiliency,Street conditions (roadway maintenance),203459457,22.9,23.1,21,5.1,4.9,4.9,18,Brooklyn ,BK,65,0.983333333,111,0.585585586,Flatlands/Canarsie,2017,102119.0873,51146.16471,0.0889643,215637,0.568533,0.262148338,0.020460358,75351,0.297,0.024644847,0.0465736,0.621902,0.0876519,0.223672
QN 01 - Astoria,2017,891687.3045,552846.1288,41,118,0.10295192,8.058397216,0.460776218,0.446586345,0.729352586,0.633329388,QN01,QN,4,1,401,Queens CD 1,383,3938,6.2,401,24420,84490,19,6,13,32,1971,19371,96515,12.989852,9.1,11.8,1.7,1.8,3.4,7.5,6.4,4.3,2.8,3,1.8,3.1,2.8,2.4,2.2,1.7,1.2,1,1.3,2.3,1.33,1093,0.42907058,614,51000,820,0.143,0.218339945,1431,0.573025856,3806,0.540469974,2277,5933,2.86,1961,0.471309465,961,41000,1070,0.151,0.179901182,2039,0.524767043,10550,0.498238288,3818,12800,24.2,29.3,23.1,7753275,10431963,6568787,8377985,521348,2686046,4640052,18963497,8160973,19541828,9934032,3083370,651,827,1725,56,44,43,194,8269,209,6396,19374,246,374,2,1.8,3.3,6.9,6.5,4.8,3.6,3.2,2.1,2.9,2.3,2.3,1.7,1.3,1,0.7,0.5,2.6,39,43.5,40.8,"Astoria, Astoria Heights, Queensbridge, Dutch Kills, Long Island City, Ravenswood, Rikers Island (BX), Steinway",12.6,14.3,13.6,16.3,44.9,30.8,36.7,6.7,96,96.5,95.1,40.1,38.4,46.8,44.5,26.8,2.9,63,47.3,211220,191105,173656,-0.1,18.1,19.3,19.8,4101,FALSE,NA,Affordable housing,Police-community relations,Other,100663156,14.6,20.2,21,4.4,5,4.9,1,Queens ,QN,751,0.137931034,1698,0.442285041,Astoria,2017,83986.75337,64758.91787,0.130441,164321,0.182179,0.010752688,0.268817204,83253,0.275,0.005078407,0.166954,0.0819372,0.242897,0.474918
QN 02 - Woodside/Sunnyside,2017,774494.1159,866453.0633,36,268,0,8.648409894,0.536757301,0.527804878,0.892801462,0.788505994,QN02,QN,4,2,402,Queens CD 2,390,3211.4,5,402,12113,55803,6,3,20,32,986,19371,96515,7.547115,9.1,11.8,1.9,2.1,2.6,5.2,5.1,4.7,3.8,3.3,2.2,2.9,3,2.4,2.3,1.6,1.2,0.9,0.9,2.6,0.64,505,0.261445783,434,101000,1193,0.083,0.176953417,1660,0.718674699,5875,0.361837328,1993,8664,1.31,1081,0.243902439,460,98000,1337,0.089,0.177890964,1886,0.708907741,9392,0.359143846,2282,14643,39.6,29.3,23.1,4921842,22180936,3480382,13725196,1220372,4910119,3463140,10339724,4771629,7535660,5994574,3083148,417,893,709,55,48,44,139,4742,199,2596,10757,210,359,2.4,1.7,2.9,5,5.6,5.5,5,4.2,2.2,3.6,2.7,2.6,1.8,1.3,1,0.6,0.3,2.8,37.4,43.5,40.8,"Blissville, Hunters Point, Long Island City, Sunnyside, Sunnyside Gardens, Woodside",12,14.3,13.6,35.5,39.4,30.8,36.7,1.4,93.5,96.5,95.1,54.8,42.7,46.8,44.5,32.4,2.3,77,28.2,109920,113200,138893,0.03,18.8,19.3,19.8,4109,FALSE,NA,"Land use trends (zoning, development, neighborhood preservation, etc.)",Transit (buses & subways),Homelessness,85626722,16.5,20.2,21,4.4,3.2,4.9,2,Queens ,QN,1852,0.407407407,5068,0.36543015,Sunnyside/Woodside,2017,91140.63323,62807.39651,0.0926973,133822,0.294996,0.003976143,0.258449304,61715,0.31,0.006108108,0.363453,0.0121878,0.309,0.29549
QN 03 - Jackson Heights,2017,703159.1315,437691.0826,101,72,0,10.58423089,0.344370861,0.326835608,0.595341073,0.614595189,QN03,QN,4,3,403,Queens CD 3,110,1905.3,3,403,18893,52716,10,4,13,22,1829,19371,96515,10.079284,9.1,11.8,2.7,2.6,3.5,4.2,4,3.8,3.2,3.3,2.9,3,2.4,2.5,2.3,1.9,1.1,1,1,3.5,1.06,8,0,0,NA,0,0,0,0,0,0,0,0,5,2.12,11,0.464594128,269,52000,370,0,0.382178218,579,0.639032815,0,0.688385269,486,11,48.1,29.3,23.1,5350642,283946,2609701,2002935,49170,1013148,3435845,22982084,5024552,9842362,568339,734112,451,23,806,20,15,45,145,9210,196,3395,14654,46,237,3.1,2.7,3.5,4.4,4.9,4.2,4.3,3.9,3,3.4,3.1,2,1.7,1.1,1,0.5,0.5,3.7,42.5,43.5,40.8,"East Elmhurst, Jackson Heights, North Corona",12.1,14.3,13.6,17,20.1,30.8,36.7,4.8,94.3,96.5,95.1,59.8,53.7,46.8,44.5,66.9,1.5,71,10,169083,171576,180187,0.01,24,19.3,19.8,4102,FALSE,NA,Affordable housing,Schools,Senior services,53896836,22.1,20.2,21,4.4,3.7,4.9,3,Queens ,QN,96,0.85978836,139,0.690647482,Jackson Heights,2017,82210.51226,49333.23704,0.135181,170222,0.380876,0.054982818,0.625429553,59398,0.367,0.012258738,0.187426,0.0506339,0.624714,0.122928
QN 04 - Elmhurst/Corona,2017,737807.5525,433105.2622,34,69,0,7.479808573,0.336656094,0.368305531,0.722233834,0.682767401,QN04,QN,4,4,404,Queens CD 4,136,1506.8,2.4,404,14600,52627,5,2,12,27,1344,19371,96515,10.227701,9.1,11.8,2.7,2.4,3,3.8,4,3.8,3.7,3.1,2.9,3,3.1,3,2.3,1.4,1.5,0.9,1,3.2,0,0,0,0,NA,0,0,0,0,0,0,0,0,0,0,4,0.426470588,29,61000,29,0.001,0.159250586,68,0.426470588,0,0.487465181,175,9,50.7,29.3,23.1,2893499,825694,3308170,1164084,15776,567672,2937349,11837003,4728711,12164561,1081929,537343,393,64,849,25,4,46,127,4930,191,4916,11906,70,201,3,2.9,3.6,4.7,4.5,4.2,4.3,3.3,3.3,3.2,3,2.6,1.8,1.3,0.8,0.5,0.5,3.7,42.7,43.5,40.8,"Corona, Corona Heights, Elmhurst, Lefrak City",12.1,14.3,13.6,34.2,22,30.8,36.7,7.6,95.4,96.5,95.1,62.9,54.9,46.8,44.5,49.7,1.9,76,6.7,167005,172598,143228,0.03,25.6,19.3,19.8,4107,FALSE,NA,Affordable housing,Schools,Social services,42061791,22.2,20.2,21,4.4,3.6,4.9,4,Queens ,QN,384,0.615384615,417,0.920863309,Elmhurst/Corona,2017,63415.78202,51571.11741,0.155565,146301,0.224858,0.035897436,0.758974359,47582,0.338,0.01469333,0.327161,0.050191,0.558451,0.0545724
QN 05 - Ridgewood/Maspeth,2017,703159.1315,463677.3983,237,26,0,7.459069685,0.491918103,0.486243386,0.396616741,0.54372946,QN05,QN,4,5,405,Queens CD 5,437,4829.4,7.5,405,41562,66031,6,4,13,29,1268,19371,96515,8.014425,9.1,11.8,3.2,2.6,3,4.1,4.3,4.1,3.3,3.7,2.7,3.5,3.5,3.1,2.3,1.4,1.5,1.1,1.1,2.9,0.1,44,0,0,NA,0,0,0,0,0,0,0,0,0,0.27,87,0.436619718,93,45000,141,0,0.27133758,213,0.661971831,3,0.634615385,330,0,23.4,29.3,23.1,4649953,15429716,4888051,51196971,824795,2151448,3782954,49979006,815939,15820137,8474701,1255208,339,592,1801,85,66,47,172,21401,19,5896,31462,161,493,2.6,2.9,3.5,4.2,3.9,3.9,3.5,3.5,3.3,3.5,3.3,2.6,1.8,1.2,0.9,0.6,0.6,3.1,40.7,43.5,40.8,"Glendale, Maspeth, Middle Village, Ridgewood",12.6,14.3,13.6,8.8,27.5,30.8,36.7,1.3,95.7,96.5,95.1,39.5,41.2,46.8,44.5,36.5,1.3,74,52.1,165911,169190,181598,0.02,16.8,19.3,19.8,4110,FALSE,NA,Emergency response,Street flooding,Traffic,159268879,21.3,20.2,21,4.4,3.8,4.9,5,Queens ,QN,33,0.636363636,125,0.264,Middle Village/Ridgewood,2017,91382.15311,64219.8292,0.0844256,199043,0.397323,0.081932773,0.084033613,68927,0.285,0.015341554,0.0885437,0.00858608,0.384063,0.500862
QN 06 - Rego Park/Forest Hills,2017,980346.4993,520133.9431,147,123,0,5.474275321,0.578587699,0.597114317,0.800834502,0.735171397,QN06,QN,4,6,406,Queens CD 6,109,1898.2,3,406,14470,55602,7,3,6,17,614,19371,96515,5.406633,9.1,11.8,1.9,1.9,1.9,3.8,4.5,4.3,4,3.4,2.7,3.3,3.9,3.5,3.1,2.5,2,2,2.2,3,0.01,19,0,0,NA,0,0,0,0,0,0,0,0,448,0.03,84,0.334351145,219,24000,391,0,0.310279488,655,0.596946565,1132,0.506777108,673,967,25.8,29.3,23.1,3655153,92325,3496833,1046308,13312,334528,3334069,25370870,9760180,2703180,2629798,719793,260,3,376,13,2,48,94,8443,304,521,10321,43,153,2,1.3,1.9,3.2,4,3.5,3.5,3.4,2.6,3.1,3.7,2.7,2.8,1.6,1.4,1,1,3.4,42.9,43.5,40.8,"Forest Hills, Forest Hills Gardens, Rego Park",19.6,14.3,13.6,29.2,55.7,30.8,36.7,2.8,98.9,96.5,95.1,50.6,44.9,46.8,44.5,15.8,3.1,79,48.6,115967,113257,116607,-0.02,15.1,19.3,19.8,4108,FALSE,NA,Schools,Senior services,Transit (buses & subways),53156349,17.7,20.2,21,4.4,3.1,4.9,6,Queens ,QN,661,0.666666667,884,0.747737557,Rego Park/Forest Hills,2017,89316.49577,67426.84629,0.0814506,118922,0.451854,0.002123142,0.063694268,56172,0.296,0.01368301,0.294546,0.034283,0.154017,0.474689
QN 07 - Flushing/Whitestone,2017,876401.2364,745033.2769,470,1076,0.025046382,7.119351213,0.598867596,0.648953975,0.321029451,0.707338817,QN07,QN,4,7,407,Queens CD 7,359,7539.8,11.8,407,48642,94225,15,9,27,34,1780,19371,96515,7.653031,9.1,11.8,2.3,2,3.1,3.6,3.6,3.2,3.7,3.9,2.3,4.1,4,3.5,2.8,2,1.9,1.5,2.1,2.7,4.53,1672,0.344830985,3499,54000,5217,0.371,0.559217415,10147,0.514142111,5868,0.495157179,2914,5505,7.23,2843,0.359899329,3861,46000,5446,0.411,0.495428096,10728,0.50764355,10081,0.529447188,4396,9740,53.2,29.3,23.1,12882479,12038643,7286163,41136204,1034760,4310265,16564093,100555872,12767744,18519683,6526717,68711043,864,424,1330,97,60,49,324,27015,275,2972,34769,160,889,2.3,2.4,2.6,3.6,3.4,3.2,3,3.6,2.3,4,3.4,3,2.4,1.9,1.4,1.2,0.9,2.8,40.9,43.5,40.8,"Auburndale, Bay Terrace, Beechhurst, Clearview, College Point, Downtown Flushing, East Flushing, Flushing, Malba, Murray Hill, Queensboro Hill, Waldheim, Whitestone",18.2,14.3,13.6,52.6,26.2,30.8,36.7,2.1,97.3,96.5,95.1,57.2,56.4,46.8,44.5,17.4,2.5,80,25.7,242952,247354,252138,0.02,25.5,19.3,19.8,4103,FALSE,NA,Street conditions (roadway maintenance),Street flooding,Traffic,302333666,17.5,20.2,21,4.4,2.8,4.9,7,Queens ,QN,193,0.884615385,317,0.608832808,Flushing/Whitestone,2017,73348.66906,38296.69589,0.161814,260282,0.457821,0.003552398,0.355239787,98576,0.418,0.004626349,0.545416,0.0206392,0.184446,0.232632
QN 08 - Hillcrest/Fresh Meadows,2017,830543.0322,434063.1891,317,102,0.094032548,7.100928481,0.519025875,0.490678598,0.280650395,0.709808832,QN08,QN,4,8,408,Queens CD 8,50,4765.3,7.4,408,30129,56704,7,6,17,35,1071,19371,96515,7.023903,9.1,11.8,2.4,3.1,3.7,4.2,3.5,3.3,3.4,3.1,2.8,3.6,3.5,3.8,2.8,1.7,1.2,1.2,1.4,3.6,0.03,0,0,0,NA,0,0.021,0,0,0,0,0,0,0,0.08,106,0,0,NA,0,0.682,0,0,0,0,0,0,210,27.7,29.3,23.1,4480605,59612,2037651,19159537,43079,420486,16619314,64436651,10955325,22562609,574614,1018544,303,11,356,30,7,50,177,16904,125,1153,19358,40,202,2.5,3.2,3.6,3.6,3.9,2.6,3.3,2.8,2.9,2.9,3.4,2.8,2.1,1.7,1.1,0.9,0.8,3.4,43.8,43.5,40.8,"Briarwood, Fresh Meadows, Hillcrest, Holliswood, Jamaica, Jamaica Estates, Jamaica Hills, Kew Gardens Hills, Pomonok, Utopia",15,14.3,13.6,34.3,39.3,30.8,36.7,11.5,98,96.5,95.1,46.9,48.9,46.8,44.5,19.2,4.4,64,30.6,146594,151107,165028,0.03,20.8,19.3,19.8,4106,FALSE,NA,Parks,Street conditions (roadway maintenance),Street flooding,142368027,20.6,20.2,21,4.4,5.3,4.9,8,Queens ,QN,214,0.772727273,356,0.601123596,Hillcrest/Fresh Meadows,2017,85040.473,53250.54675,0.123256,164291,0.485536,0.01978691,0.068493151,58537,0.333,0.007294506,0.344237,0.121297,0.197801,0.291684
QN 09 - Kew Gardens/Woodhaven,2017,540107.7387,422914.5501,227,31,0,6.314673067,0.442687747,0.459563543,0.908454085,0.468204434,QN09,QN,4,9,409,Queens CD 9,198,2459.8,3.8,409,29458,45824,10,2,3,26,916,19371,96515,7.364655,9.1,11.8,2.8,3.1,4,4.1,3.5,3.4,3.7,3.7,2.7,3.4,3.7,3,2.3,1.4,1.1,0.7,0.9,3,0,0,0,0,NA,0,0,0,0,0,0,0,0,0,0,0,0,0,NA,0,0,0,0,0,0,0,0,0,26.6,29.3,23.1,3186031,2081702,3546082,1516122,94505,835194,3323414,41878691,2521248,7776659,3258029,621128,334,185,1312,17,15,51,181,15328,98,2307,20402,168,259,3.2,3.3,3.8,4.2,3.9,3.5,3.3,3.9,3.2,3.3,3.1,2.8,1.9,1.2,0.8,0.4,0.4,3.3,45.7,43.5,40.8,"Kew Gardens, Ozone Park, Richmond Hill, Woodhaven",11.1,14.3,13.6,26.8,26.2,30.8,36.7,5.5,95.1,96.5,95.1,50.8,46.8,46.8,44.5,42.2,8.1,72,18,141608,143317,155032,0.01,21.5,19.3,19.8,4111,FALSE,NA,"Quality of life issues (noise, graffiti, petty crime, etc.)",Schools,Senior services,70638805,22.1,20.2,21,4.4,4.7,4.9,9,Queens ,QN,14,1,16,0.875,Ozone Park/Woodhaven,2017,84910.03188,59777.69782,0.121566,152283,0.45866,0.157712305,0.233968804,49386,0.308,0.036637931,0.256109,0.0544119,0.42901,0.176513
QN 10 - South Ozone Park/Howard Beach,2017,519318.6861,290435.2935,385,63,0.013161994,10.25360306,0.508708273,0.484172662,0.393896054,0.398467629,QN10,QN,4,10,410,Queens CD 10,225,3934.7,6.1,410,35763,39155,6,4,17,23,1258,19371,96515,9.70554,9.1,11.8,2.9,2.8,4,3.8,3.2,3.2,3.4,3.7,2.6,4,3.9,2.9,2.7,1.6,1.3,0.9,1.3,2.9,1.48,5700,0.368450287,1990,38000,2807,0.011,0.61375,5401,0.519718571,11919,0.422424003,1070,6806,3.04,6649,0.362175103,2118,36000,3075,0.254,0.596004892,5848,0.525820793,20737,0.460513162,1382,10179,13.3,29.3,23.1,3608622,640937,2074389,28924788,147999,956638,3042919,65324612,1417851,5952932,2479740,5722349,376,57,840,120,36,52,120,21292,15,970,25136,179,906,3.2,3.3,3.6,3.9,2.7,3.5,3.3,3.6,2.5,3.9,3.6,3.1,2.1,1.3,1.2,0.5,0.6,3.1,45.8,43.5,40.8,"Howard Beach, Lindenwood, Old Howard Beach, Ozone Park, South Ozone Park",13.6,14.3,13.6,22.4,21.3,30.8,36.7,14.8,95.9,96.5,95.1,45,50.2,46.8,44.5,25.7,16.6,58,21.7,127274,122396,138868,-0.04,17.3,19.3,19.8,4113,FALSE,NA,"Quality of life issues (noise, graffiti, petty crime, etc.)",Infrastructure resiliency,Street conditions (roadway maintenance),120293776,20.9,20.2,21,4.4,5.7,4.9,10,Queens ,QN,19,0.947368421,30,0.633333333,South Ozone Park/Howard Beach,2017,84582.91003,55116.46613,0.1038,139323,0.643804,0.267477204,0.247720365,41104,0.333,0.025516224,0.267336,0.132785,0.259713,0.217961
QN 11 - Bayside/Little Neck,2017,884553.806,585965.9429,461,69,0,6.34710687,0.729050279,0.778185151,0.205450734,0.686582809,QN11,QN,4,11,411,Queens CD 11,123,5991.9,9.4,411,39082,44838,11,5,21,31,746,19371,96515,7.047723,9.1,11.8,2.4,2.3,2.4,3.2,3.2,3.3,3.6,3.3,2.3,4.3,4.2,3.8,3.2,2.3,1.8,1.2,2.2,2.5,0.62,360,0.384982935,564,52000,760,0.471,0.659019343,1465,0.518771331,1285,0.498333333,299,383,1.09,494,0.396204715,689,52000,950,0.683,0.696435723,1739,0.546290972,1477,0.498333333,299,525,31.4,29.3,23.1,5307452,353246,1610150,37504399,153859,688742,9157035,98398179,2993669,18790434,600639,5119609,412,11,375,128,11,53,171,23035,22,955,25803,62,498,2.8,2.4,2.5,3.3,2.9,3.4,3.1,3.2,2.7,3.7,3.6,3.4,3.1,2.1,1.3,1,1.2,2.8,43.4,43.5,40.8,"Auburndale, Bayside, Douglaston, Hollis Hills, Little Neck, Oakland Gardens",19.5,14.3,13.6,44,42.1,30.8,36.7,1.9,99.1,96.5,95.1,42.9,43.6,46.8,44.5,11.5,2.4,71,40.5,116404,116431,121139,0,14.1,19.3,19.8,4104,FALSE,NA,Parks,"Quality of life issues (noise, graffiti, petty crime, etc.)",Street conditions (roadway maintenance),180677413,18.6,20.2,21,4.4,3.2,4.9,11,Queens ,QN,9,1,10,0.9,Bayside/Little Neck,2017,79222.59549,55813.51083,0.0975641,118670,0.729622,0.002314815,0.001157407,44245,0.39,0,0.459847,0.0248336,0.123831,0.375074
QN 12 - Jamaica/Hollis,2017,433105.2622,244577.0892,677,13,0.085252665,12.38496983,0.339943343,0.259327499,0.407448986,0.587400119,QN12,QN,4,12,412,Queens CD 12,407,6137.1,9.6,412,58201,75715,32,12,26,63,2837,19371,96515,12.532472,9.1,11.8,3,3.1,3.7,4.1,3.7,3.5,3.3,3.8,3,4,3.8,2.9,2.5,1.8,1.4,1,1.3,3.3,0.15,0,0.426229508,130,26000,238,0.151,0.563770795,305,0.780327869,0,0.502415459,104,0,0.15,0,0.560344828,130,37000,165,0.151,0.657223796,232,0.711206897,0,0.257142857,27,0,14.3,29.3,23.1,7146414,6751645,3839840,11223567,1014594,3237995,13227974,111559253,8663720,5472609,6624146,3938171,740,314,1380,54,120,54,499,34984,121,1228,41385,338,1200,3.3,3.1,3.8,4,3.6,2.9,2.8,3.1,2.9,3.4,3,2.5,1.7,1.1,0.9,0.5,0.5,3.5,48.9,43.5,40.8,"Hollis, Jamaica, Jamaica Center, North Springfield Gardens, Rochdale, South Jamaica, St. Albans",12.7,14.3,13.6,12.5,21,30.8,36.7,61.2,94.9,96.5,95.1,42.7,48,46.8,44.5,16.7,7.7,76,1.7,223602,225919,244302,0.01,19,19.3,19.8,4112,FALSE,NA,Schools,Senior services,Street flooding,182699928,22.8,20.2,21,4.4,7.1,4.9,12,Queens ,QN,2008,0.729166667,3424,0.586448598,Jamaica,2017,92767.07087,42819.3339,0.112985,249331,0.493692,0.57749713,0.262916188,78537,0.341,0.037970663,0.145874,0.592024,0.167103,0.0144467
QN 13 - Queens Village,2017,504440.2465,387247.0579,747,4,0.081852838,8.764906439,0.479201331,0.407142857,0.09118276,0.384109228,QN13,QN,4,13,413,Queens CD 13,291,8044.4,12.6,413,69527,60790,6,7,15,48,1698,19371,96515,8.711107,9.1,11.8,2.7,2.8,3.7,3.9,3.2,3.2,3.2,3.9,2.6,4.3,4,3.4,2.8,2.2,1.7,1.1,1.6,2.9,1.05,1847,0.483291412,1345,40000,2174,0.774,0.534780938,2783,0.781171398,2686,0.438990826,957,2583,2.41,3906,0.505129458,2068,35000,3189,0.813,0.513225523,4094,0.778944797,12284,0.461967695,1573,5053,13,29.3,23.1,6576407,5174153,1881883,29191191,1024187,2118663,19367441,146717100,4572448,12723527,6067637,4310631,533,165,663,54,40,55,240,39915,8,694,43666,167,896,2.8,3,3.4,3.7,3.3,3,2.8,2.9,2.7,3.5,3.5,3,2.2,1.9,1.2,0.6,0.6,2.7,47.2,43.5,40.8,"Bellaire, Bellerose, Brookville, Cambria Heights, Floral Park, Glen Oaks, Laurelton, New Hyde Park, Queens Village, Rosedale, Springfield Gardens",15.9,14.3,13.6,15,29.2,30.8,36.7,55.7,97.5,96.5,95.1,42,43.4,46.8,44.5,12.3,5.5,39,11.4,196284,188593,205640,-0.04,12.3,19.3,19.8,4105,FALSE,NA,Parks,Street conditions (roadway maintenance),Traffic,239725268,19.9,20.2,21,4.4,5,4.9,13,Queens ,QN,62,0.971830986,74,0.837837838,Queens Village,2017,97994.90616,62296.84184,0.0886994,208786,0.725181,0.383920506,0.025293586,62184,0.29,0.019574944,0.15662,0.53859,0.147199,0.0960649
QN 14 - Rockaway/Broad Channel,2017,529917.0267,326102.7856,125,38,0.15116325,10.82815843,0.292108363,0.267211202,0.677553316,0.816066099,QN14,QN,4,14,414,Queens CD 14,183,4494.9,7,414,20655,46240,13,6,13,35,1278,19371,96515,11.63837,9.1,11.8,3.6,3,3.3,3.3,3.8,3.3,3,3.3,3.8,3.8,3.5,2.9,2.5,2,1.5,1.1,1.2,4.4,6.68,17004,0.380553993,5413,29000,9145,2.859,0.352489282,14224,0.642927447,75307,0.530835433,11164,37889,10.59,18104,0.379674348,5503,29000,9310,2.859,0.336623546,14494,0.642334759,89752,0.519895713,12164,39681,12.6,10.9,23.1,3530262,1147932,1500087,61464189,4039974,1559057,8642714,62790795,13651774,6686196,4294281,35457061,216,58,198,115,46,56,205,11016,98,1194,14923,153,1441,3,3.1,2.8,3.4,2.6,2.9,1.8,2.9,4,3.2,3.4,3,2.1,1.3,1.1,0.8,0.7,4.5,51.2,43.5,40.8,"Arverne, Bayswater, Belle Harbor, Breezy Point, Broad Channel, Edgemere, Far Rockaway, Hammels, Neponsit, Rockaway Park, The Rockaways, Roxbury, Seaside, Somerville",14.3,14.3,13.6,3.5,27.6,30.8,36.7,35.1,96.3,96.5,95.1,26.1,44.6,46.8,44.5,24.4,2.2,85,35.1,106686,114978,123012,0.08,17.2,19.3,19.8,4114,FALSE,NA,Infrastructure resiliency,Transit (buses & subways),Unemployment,204764322,27.4,20.2,21,4.4,5.1,4.9,14,Queens ,QN,4686,0.471698113,5884,0.796397009,Rockaways,2017,107245.0155,40016.88808,0.19763,133051,0.340872,0.301449275,0.373913043,47651,0.298,0.175435866,0.0382861,0.39191,0.205718,0.330753
SI 01 - St. George/Stapleton,2017,441003.064,305211.8259,902,156,0.11905404,8.91576959,0.363050483,0.325013277,0.126802977,0.654909349,SI01,SI,5,1,501,Staten Island CD 1,353,8653.9,13.5,501,49028,64754,21,8,55,28,1609,2779,96515,9.734195,6.5,11.8,3.4,3.3,3.4,3.8,3.3,3.3,3.4,3.5,3.2,3.6,3.4,3.1,2.4,1.7,1.2,0.9,1,3.1,3.36,1525,0.366854698,1886,27000,4003,0.966,0.418648209,5141,0.778642288,2280,0.553782718,3089,3012,6.21,2602,0.370929507,2973,30000,6307,0.976,0.43673714,8015,0.786899563,4856,0.551464435,4613,4296,12.3,10.9,23.1,16476080,10807523,4480637,45156097,5944720,2950184,23490226,129428851,6739200,12874823,24340011,29480919,816,281,963,146,114,57,362,32782,65,1126,39301,403,1890,3.2,3.6,3.8,3.8,3.5,3,3.2,3.2,3.4,3.6,3.2,2.8,2.4,1.1,0.8,0.7,0.4,3.2,43.3,44,40.8,"Arlington, Castleton Corners, Clifton, Elm Park, Fox Hills, Graniteville, Grymes Hill, Howland Hook, Livingston, Mariner's Harbor, New Brighton, Old Place, Park Hill, Port Ivory, Port Richmond, Randall Manor, Rosebank, Shore Acres, Silver Lake, St. George, Stapleton, Sunnyside, Tompkinsville, Ward Hill, West Brighton, West New Brighton, Westerliegh, Willowbrook",12.7,15.1,13.6,7.6,30.3,32.1,36.7,21.5,96.6,98.3,95.1,24.1,49.8,47,44.5,29.6,3.1,65,38.2,162609,175756,173491,0.08,21.2,16.2,19.8,3903,FALSE,NA,"Land use trends (zoning, development, neighborhood preservation, etc.)",Traffic,Transit (buses & subways),312169271,23.5,22.1,21,3.2,3.3,4.9,1,Staten ,SI,1785,0.911290323,2373,0.752212389,NA,NA,NA,NA,NA,NA,NA,NA,NA,NA,NA,NA,NA,NA,NA,NA
SI 02 - South Beach/Willowbrook,2017,529917.0267,315912.0736,943,329,0.10910355,5.045339879,0.476107732,0.449871465,0.243204753,0.568644206,SI02,SI,5,2,502,Staten Island CD 2,160,13617.2,21.3,502,39870,49152,22,4,26,19,666,2779,96515,6.441562,6.5,11.8,2.8,2.9,3.4,3.2,3,3,3.6,3.7,2.9,4,3.8,3.7,2.9,2.2,1.5,1.4,1.7,2.6,8.94,7755,0.409715619,4740,37000,7969,2.652,0.631599061,11569,0.68882358,20686,0.56786486,2891,8391,17.07,10899,0.419751446,6316,34000,10409,2.702,0.630848566,15047,0.691765801,30058,0.54606968,3793,12047,13.8,10.9,23.1,20182201,9760608,2187227,111118371,1386512,2164038,49519902,129008330,3523608,10287784,37277836,80631488,735,89,365,168,26,58,196,30010,21,519,34853,158,2406,2.9,3.1,2.8,3.4,3.1,2.5,3.3,3.4,3,3.3,3.4,3.3,2.5,1.8,1.2,0.7,0.8,3,42.5,44,40.8,"Arrochar, Bloomfield, Bulls Head, Chelsea, Concord, Dongan Hills, Egbertville, Emerson Hill, Grant City, Grasmere, Heartland Village, Lighthouse Hill, Manor Heights, Midland Beach, New Dorp, New Dorp Beach, New Springville, Old Town, South Beach, Todt Hill, Travis, Willowbrook",16.9,15.1,13.6,13.9,32.7,32.1,36.7,4.1,98.9,98.3,95.1,28,45.3,47,44.5,13.7,1.9,70,66.5,127071,132003,136859,0.04,14.9,16.2,19.8,3902,FALSE,NA,Infrastructure resiliency,Schools,Traffic,457047905,21.1,22.1,21,3.2,3.2,4.9,2,Staten ,SI,377,0.944444444,390,0.966666667,NA,NA,NA,NA,NA,NA,NA,NA,NA,NA,NA,NA,NA,NA,NA,NA
SI 03 - Tottenville/Great Kills,2017,519726.3146,332217.2129,1395,126,0,3.127165141,0.59315339,0.586387435,0.283780218,0.579103592,SI03,SI,5,3,503,Staten Island CD 3,165,13750.9,21.5,503,51472,60642,1,5,62,25,485,2779,96515,3.109412,6.5,11.8,3.5,2.8,3,3.1,3.2,2.8,3.8,3.9,2.3,4,4,3.3,2.9,2.4,1.6,1,1.2,2.8,6.98,3974,0.363861216,5296,44000,10039,2.451,0.774902838,14555,0.689728616,8473,0.471000637,1478,4736,14.43,5998,0.37705389,6563,40000,12249,2.566,0.763454538,17406,0.703722854,14052,0.50965717,2111,7603,7.2,10.9,23.1,16672691,13226484,2284618,83485682,3241897,3078635,23534290,191964690,890421,5507321,24313626,108002258,473,133,300,884,82,59,157,44264,4,191,50321,226,3442,3.1,2.9,3.1,3.2,2.9,3,3.6,3.5,3.4,3.8,3.4,3,2.4,2,1.3,0.8,0.5,2.6,46,44,40.8,"Annadale, Arden Heights, Bay Terrace, Butler Manor, Charleston, Eltingville, Fresh Kills, Great Kills, Greenridge, Huguenot, Oakwood, Oakwood Beach, Oakwood Heights, Pleasant Plains, Prince's Bay, Richmond Town, Richmond Valley, Rossville, Sandy Ground, Tottenville, Woodrow",16,15.1,13.6,4.7,33.4,32.1,36.7,1,99,98.3,95.1,15.6,42.2,47,44.5,9.9,1.1,60,83.4,152908,160209,165598,0.05,12.3,16.2,19.8,3901,FALSE,NA,"Land use trends (zoning, development, neighborhood preservation, etc.)",Street conditions (roadway maintenance),Traffic,476202613,21.5,22.1,21,3.2,3.2,4.9,3,Staten ,SI,37,1,43,0.860465116,NA,NA,NA,NA,NA,NA,NA,NA,NA,NA,NA,NA,NA,NA,NA,NA
MN 01 - Financial District,2017,NA,2413924.917,0,1094,0,17.94089672,0.783783784,0.815718157,1,0.986067211,MN01,MN,1,1,101,Manhattan CD 1,23,976.3,1.5,101,1729,39547,7,1,28,22,1099,25961,96515,15.634252,15.7,11.8,1.1,2.4,4.2,7.3,6.6,4.7,3.5,2.9,1.8,2.2,2.3,2.5,2.3,1.7,1,0.7,1.1,2.6,1.78,678,0.284774312,2164,121000,4900,0.041,0.220593358,7599,0.644821687,16733,0.353231684,7367,19061,2.53,1036,0.284528228,2913,118000,6272,0.042,0.241981612,10238,0.612619652,29221,0.350056009,8750,28097,5.8,15.5,23.1,7865158,252207,4271043,1453796,5345624,433550,10274554,45535,1746495,185913,4107387,134060,343,78,578,25,11,1,69,33,167,65,1448,33,23,1.4,1.9,2.5,6,6.7,5.7,3.7,3.3,1.7,2.8,2.5,2.7,1.9,1.2,0.8,0.7,0.7,2.9,25.2,31.8,40.8,"Battery Park City, Civic Center, Ellis Island, Governors Island, Liberty Island, South Street Seaport, Tribeca, Wall Street, World Trade Center",12.2,15.3,13.6,15.7,82.3,60.7,36.7,2.3,95.4,94.1,95.1,23.9,31,36.9,44.5,6.4,3.2,100,72,34420,60978,NA,0.77,8.8,14.4,19.8,3810,TRUE,Manhattan CD 2,Infrastructure resiliency,Traffic,Other,36115322,12.8,14.5,21,4.2,2.8,4.9,1,Manhattan ,MN,143,0,710,0.201408451,NA,NA,NA,NA,NA,NA,NA,NA,NA,NA,NA,NA,NA,NA,NA,NA
MN 02 - Greenwich Village/Soho,2017,10190712.05,3159120.736,6,351,0,25.65099538,0.790322581,0.832,1,0.995909952,MN02,MN,1,2,102,Manhattan CD 2,52,865.9,1.4,102,5360,60146,14,4,16,11,2353,25961,96515,25.876288,15.7,11.8,1.1,2.4,4.2,7.3,6.6,4.7,3.5,2.9,1.8,2.2,2.3,2.5,2.3,1.7,1,0.7,1.1,2.6,0.25,346,0.284774312,2164,121000,4900,0.001,0.220593358,7599,0.644821687,5038,0.353231684,7367,4490,0.39,777,0.284528228,2913,118000,6272,0.001,0.241981612,10238,0.612619652,10198,0.350056009,8750,7620,5.8,15.5,23.1,4350553,644242,6288962,846180,132080,347473,2232810,1025372,3485056,2420855,2731028,1191821,558,115,1703,28,17,2,174,623,442,924,4699,23,40,1.4,1.9,2.5,6,6.7,5.7,3.7,3.3,1.7,2.8,2.5,2.7,1.9,1.2,0.8,0.7,0.7,2.9,25.2,31.8,40.8,"Greenwich Village, Hudson Square, Little Italy, NoHo, SoHo, South Village, West Village",12.2,15.3,13.6,15.7,82.3,60.7,36.7,2.3,96.3,94.1,95.1,23.9,31,36.9,44.5,6.4,3.2,100,72,93119,90016,NA,-0.03,8.8,14.4,19.8,3810,TRUE,Manhattan CD 1,Parks,Schools,Senior services,25696432,12.8,14.5,21,4.2,2.8,4.9,2,Manhattan ,MN,286,0.166666667,698,0.40974212,Greenwich Village/Financial District,2017,183669.2414,128960.4038,0.0884715,148982,0.306562,0,0.014583333,87668,0.23,0.007123023,0.165389,0.0206669,0.0565169,0.722081
MN 03 - Lower East Side/Chinatown,2017,NA,1326504.606,0,208,0.23998076,14.34984719,0.566552901,0.592779177,0.85508916,0.997908736,MN03,MN,1,3,103,Manhattan CD 3,57,1076.9,1.7,103,4680,79856,34,5,39,46,2375,25961,96515,14.953955,15.7,11.8,1.5,3,3.8,6.3,4.4,3.5,2.9,3.2,1.2,2.9,3,3.5,2.8,2.2,1.7,1.4,2,1.6,0.53,495,0.155306299,360,18000,932,0.121,0.111996908,2318,0.402070751,32294,0.463410483,8169,21052,0.94,819,0.161082474,500,21000,1315,0.149,0.106890733,3104,0.423646907,47273,0.458434026,11382,27544,29.4,15.5,23.1,1262797,370317,8706820,5568872,34365,316724,3504544,95111,7995555,2696581,1562428,1577938,278,103,2024,124,6,3,277,65,254,928,4234,30,88,1.7,2.6,3.7,6.5,5.5,4.2,3,3.3,1.8,3.1,2.7,2.5,2,1.9,1.1,1,0.9,1.6,31.5,31.8,40.8,"Chinatown, East Village, Lower East Side, NoHo, Two Bridges",17,15.3,13.6,32.1,43,60.7,36.7,7.4,91,94.1,95.1,34.9,38.5,36.9,44.5,25.1,3.1,100,32.7,164407,163277,159652,-0.01,19.3,14.4,19.8,3809,FALSE,NA,Affordable housing,Senior services,Homelessness,33692052,11.7,14.5,21,4.2,4.1,4.9,3,Manhattan ,MN,5254,0.219280802,7640,0.687696335,Lower East Side/Chinatown,2017,86089.09727,36545.93156,0.272943,160490,0.116661,0,0.318367347,78557,0.313,0.026084827,0.360945,0.0651318,0.23622,0.31048
MN 04 - Clinton/Chelsea,2017,NA,1508225.384,0,723,0.03744192,23.46844884,0.673076923,0.649315068,0.943890392,0.789133247,MN04,MN,1,4,104,Manhattan CD 4,77,1131.6,1.8,104,3925,85030,25,2,23,30,2462,25961,96515,20.731942,15.7,11.8,1.1,1.7,4.4,7.4,6.1,3.7,2.8,2.5,0.9,2.5,2.8,2.6,2.2,1.9,1.4,0.7,0.9,1.7,0.57,377,0.244212099,327,105000,907,0.007,0.086037396,1339,0.677371173,2957,0.423210211,5007,10209,0.86,600,0.246236559,458,103000,1229,0.022,0.10180624,1860,0.660752688,9609,0.434896783,5962,17213,9.6,15.5,23.1,5177424,1210626,6805740,827018,32816,1122007,3839650,278552,4765298,2503410,9145958,2468769,430,126,983,21,6,4,166,161,313,961,3410,89,77,0.6,1,3.7,7,7.7,5,5.2,3.9,1.3,3.6,3.6,3,2.4,1.3,1.1,0.6,0.4,1.5,26.6,31.8,40.8,"Chelsea, Clinton, Hudson Yards",12.9,15.3,13.6,16.6,74.4,60.7,36.7,6,95.6,94.1,95.1,29.4,33.8,36.9,44.5,15.1,2.8,94,59.3,87479,103245,NA,0.18,11.3,14.4,19.8,3807,TRUE,Manhattan CD 5,Affordable housing,"Land use trends (zoning, development, neighborhood preservation, etc.)",Traffic,38177268,8.2,14.5,21,4.2,3.7,4.9,4,Manhattan ,MN,3305,0.252551224,12795,0.258304025,Chelsea/Clinton/Midtown,2017,143566.7514,96882.0804,0.137894,152455,0.235842,0,0.026075619,110677,0.255,0.019980411,0.156433,0.0682628,0.156407,0.593375
MN 05 - Midtown,2017,NA,2411481.694,0,624,0,90.27925609,0.829268293,0.682926829,1,0.635636653,MN05,MN,1,5,105,Manhattan CD 5,39,1005.4,1.6,105,3207,45268,17,7,10,15,4600,25961,96515,87.226379,15.7,11.8,1.1,1.7,4.4,7.4,6.1,3.7,2.8,2.5,0.9,2.5,2.8,2.6,2.2,1.9,1.4,0.7,0.9,1.7,0,0,0,327,NA,907,0,0,1339,0,0,0,5007,0,0,0,0,458,NA,1229,0,0,1860,0,0,0,5962,0,9.6,15.5,23.1,18157447,679097,3906443,428912,61079,279838,1842831,24484,1534501,191188,803564,283238,1565,134,730,6,8,5,112,15,187,77,2982,22,87,0.6,1,3.7,7,7.7,5,5.2,3.9,1.3,3.6,3.6,3,2.4,1.3,1.1,0.6,0.4,1.5,26.6,31.8,40.8,"Flatiron, Gramercy Park, Herald Square, Midtown, Midtown South, Murray Hill, Times Square, Union Square",12.9,15.3,13.6,16.6,74.4,60.7,36.7,6,94.4,94.1,95.1,29.4,33.8,36.9,44.5,15.1,2.8,95,59.3,44028,51673,NA,0.17,11.3,14.4,19.8,3807,TRUE,Manhattan CD 4,Traffic,Trash removal & cleanliness,Homelessness,28192622,8.2,14.5,21,4.2,3.7,4.9,5,Manhattan ,MN,1225,0.0625,2560,0.478515625,NA,NA,NA,NA,NA,NA,NA,NA,NA,NA,NA,NA,NA,NA,NA,NA
MN 06 - Stuyvesant Town/Turtle Bay,2017,5095356.026,1328868.851,7,707,0.009023715,11.16676591,0.777777778,0.687179487,0.949928397,0.908681095,MN06,MN,1,6,106,Manhattan CD 6,22,888.5,1.4,106,3098,99158,43,3,18,17,1605,25961,96515,11.039954,15.7,11.8,0.8,2.1,5.2,8.8,5.6,3.5,3.3,2.6,1.1,2.9,2.8,3,3.1,2.8,1.8,1.3,1.7,1.7,0.33,160,0.193096009,358,92000,758,0.012,0.160228157,1854,0.408845739,9455,0.408417025,3416,18432,0.57,222,0.176162791,303,88000,649,0.014,0.122280677,1720,0.377325581,14084,0.441384309,4872,20058,6.1,15.5,23.1,3642409,11355,8896434,854143,52544,159738,4266342,437301,4269990,1151423,1371679,592565,318,3,947,35,2,6,208,259,417,499,2791,37,44,1.1,1.2,3.8,7.3,5.4,3.4,2.5,2.6,1.1,2.8,2.9,2.3,2.5,1.7,1.4,1.1,0.9,1.9,26.4,31.8,40.8,"Beekman Place, Gramercy Park, Murray Hill, Peter Cooper Village, Stuyvesant Town, Sutton Place, Tudor City, Turtle Bay",18.3,15.3,13.6,15.8,79.4,60.7,36.7,3.3,96.5,94.1,95.1,22.3,34.9,36.9,44.5,9,2.9,91,68.7,136152,142745,148802,0.05,9.8,14.4,19.8,3808,FALSE,NA,Affordable housing,Parks,Homelessness,25705923,8.7,14.5,21,4.2,2.4,4.9,6,Manhattan ,MN,1207,0,8826,0.136755042,NA,NA,NA,NA,NA,NA,NA,NA,NA,NA,NA,NA,NA,NA,NA,NA
MN 07 - Upper West Side,2017,13247925.67,1738837.121,7,840,0.087899595,9.312046833,0.719535783,0.734615385,0.990849383,0.993337083,MN07,MN,1,7,107,Manhattan CD 7,19,1220.2,1.9,107,4749,126221,14,5,13,38,1966,25961,96515,9.673488,15.7,11.8,2.1,1.5,2.3,5,4.9,4.5,4.1,3.6,2.2,3.7,3.6,3.7,3.6,3,1.6,1.3,1.8,2.8,0.28,6,0.170514004,554,87000,1777,0.176,0.29466715,3249,0.546937519,1436,0.375219993,2132,3099,0.66,6,0.175084175,572,88000,1777,0.18,0.274192195,3267,0.543924089,1436,0.368951931,2341,3099,8.9,15.5,23.1,1465505,35212,7343273,10449053,2240,123010,4072451,854421,9703002,4372881,2992812,23467045,122,5,781,36,1,7,208,469,795,1927,4419,12,44,1.6,1.4,1.2,3.7,4.4,3.2,3.5,3.4,1.8,3.3,3.1,3,2.6,2.5,1.1,0.8,1.3,2.8,31.7,31.8,40.8,"Lincoln Square, Manhattan Valley, Upper West Side",19.6,15.3,13.6,9.4,76.6,60.7,36.7,5.6,97,94.1,95.1,23,32.8,36.9,44.5,15,2.6,100,67.3,207699,209084,195455,0.01,9.2,14.4,19.8,3806,FALSE,NA,Affordable housing,Schools,Social services,64880905,15.1,14.5,21,4.2,3.4,4.9,7,Manhattan ,MN,1999,0.166666667,4146,0.482151471,Upper West Side,2017,189348.5253,105374.0008,0.0991088,207134,0.40162,0,0.017171717,117342,0.222,0.022565299,0.0869292,0.0572818,0.13091,0.691287
MN 08 - Upper East Side,2017,7362789.457,1706944.269,20,865,0.032309309,8.798654056,0.802388708,0.779569892,0.964513315,0.686200214,MN08,MN,1,8,108,Manhattan CD 8,29,1266.3,2,108,6015,150169,38,5,23,25,1937,25961,96515,8.826581,15.7,11.8,1.6,1.1,2.1,7.4,6.8,4.5,3.3,3.2,2.4,3.3,3,3.1,3.4,2.8,2.3,1.6,1.9,2.7,0.32,178,0.279594506,855,72000,1558,0.044,0.193691411,3058,0.509483322,7223,0.473200613,5253,15606,0.63,264,0.248793566,928,73000,1912,0.044,0.214109408,3730,0.512600536,10647,0.472915092,5631,20696,5.5,15.5,23.1,1552752,131100,8598079,981476,69666,227825,5040361,2061535,13964851,3414242,988202,484015,258,21,1612,8,10,8,299,1046,953,1195,5519,41,47,1.7,1.2,1.6,3.9,4.5,4,2.8,3.1,1.7,2.8,2.4,2.4,2.3,2,1.6,1.2,1.2,3,31,31.8,40.8,"Carnegie Hill, Lenox Hill, Roosevelt Island, Upper East Side, Yorkville",20.2,15.3,13.6,9.8,81.1,60.7,36.7,2.4,97.2,94.1,95.1,23.2,33.4,36.9,44.5,9.5,2.8,95,75.6,217063,219920,222517,0.01,7.2,14.4,19.8,3805,FALSE,NA,Affordable housing,Parks,Schools,37514104,14.8,14.5,21,4.2,2.1,4.9,8,Manhattan ,MN,1020,0.365072428,1725,0.591304348,Upper East Side,2017,213619.7442,108009.3189,0.0606219,214219,0.368896,0,0,133677,0.248,0.01331427,0.1069,0.0141304,0.108095,0.746246
MN 09 - Morningside Heights/Hamilton,2017,3311981.417,687873.0635,6,54,0.10770261,11.43448313,0.384057971,0.345971564,1,0.999648011,MN09,MN,1,9,109,Manhattan CD 9,32,961.7,1.5,109,2610,45456,14,5,14,20,1263,25961,96515,9.408571,15.7,11.8,2,3.7,6.5,6,4.5,3.2,2.6,3.2,2.1,3.3,2.4,2.6,2.1,1.9,1.4,1.1,1.2,2.1,0.11,30,0.16171955,158,32000,625,0.099,0.11920449,977,0.639713408,0,0.515575141,3393,0,0.21,38,0.159090909,182,34000,691,0.201,0.125411094,1144,0.604020979,0,0.531173093,3885,42,19.9,15.5,23.1,707238,198710,2376027,3315364,922629,241911,6017727,632686,4948614,2776049,1003615,999191,74,19,327,17,3,9,194,379,372,938,2463,23,85,2.4,3.3,6.1,6.5,4.5,3.5,2.6,3.2,2.1,2.8,2.5,2.2,1.4,1,0.8,0.7,0.6,2.2,36.7,31.8,40.8,"Hamilton Heights, Manhattanville, Morningside Heights, West Harlem",12.2,15.3,13.6,8.4,45.1,60.7,36.7,21.6,93.6,94.1,95.1,33.7,44.6,36.9,44.5,38,3.7,100,28.5,111724,110193,131494,-0.01,20.7,14.4,19.8,3802,FALSE,NA,Affordable housing,Crime,Unemployment,24139761,15.4,14.5,21,4.2,4.1,4.9,9,Manhattan ,MN,1474,0.072126727,2204,0.668784029,NA,NA,NA,NA,NA,NA,NA,NA,NA,NA,NA,NA,NA,NA,NA,NA
MN 10 - Central Harlem,2017,2191003.091,933746.4113,8,284,0.16616723,16.79873491,0.225239617,0.1421875,1,0.966881771,MN10,MN,1,10,110,Manhattan CD 10,28,897.1,1.4,110,4621,59816,33,7,13,28,1952,25961,96515,15.755434,15.7,11.8,2.6,2.6,3.9,5.9,5.6,4.1,3.3,3.5,2.7,3.6,3.2,2.7,1.9,1.6,0.8,0.9,1.2,3.7,0.14,45,0.108108108,60,25000,41,0.016,0.125936011,555,0.073873874,2372,0.457237753,1652,5576,0.31,112,0.158878505,102,25000,103,0.017,0.096847187,642,0.160436137,7880,0.506407974,2845,7669,11,15.5,23.1,1224318,178098,5831644,2455682,22244,170572,3697724,1018078,5679959,5159912,150826,912281,114,17,708,60,5,10,278,597,303,2028,4342,11,193,2.5,2.2,4.2,4.9,4.4,3.1,3.5,3.1,2.5,3.8,2.5,2.2,1.5,0.9,0.8,0.3,0.4,3.6,36.6,31.8,40.8,Central Harlem,10.2,15.3,13.6,3.4,37.6,60.7,36.7,56.1,91.3,94.1,95.1,23.3,39.5,36.9,44.5,23.5,3.2,99,14,107109,115723,138401,0.08,20.2,14.4,19.8,3803,FALSE,NA,Affordable housing,"Commercial development (retail mix, small business, MWBE support, etc.)",Trash removal & cleanliness,26501338,20.3,14.5,21,4.2,6.9,4.9,10,Manhattan ,MN,6277,0.097597225,7725,0.812556634,Central Harlem,2017,135143.1088,42817.29575,0.235349,147442,0.149383,0,0.5,68377,0.287,0.064663928,0.0412569,0.529734,0.247494,0.14873
MN 11 - East Harlem,2017,2662323.523,657300.9273,2,105,0.3569358,16.11471152,0.352201258,0.331941545,0.975454448,0.999822134,MN11,MN,1,11,111,Manhattan CD 11,124,1518.5,2.4,111,3262,56222,47,4,27,39,1983,25961,96515,16.355851,15.7,11.8,2.8,3.1,4.2,5.4,4.5,4,3.6,3.5,2.5,3.4,3.4,2.8,2.3,1.7,1.6,1.2,1.3,2.6,1.45,1063,0.117145074,151,22000,459,0.843,0.058952664,1289,0.356089992,32448,0.458890112,8757,23471,2.9,1613,0.152024922,244,21000,682,0.848,0.053911525,1605,0.424922118,55060,0.47030688,12291,33248,19.4,15.5,23.1,1084685,305381,3852800,23946010,58247,841040,5344912,173616,9727400,2462087,5452635,2396697,162,72,815,55,11,11,234,109,220,1032,3119,47,238,3.4,3.3,4,5,4.3,3.3,2.7,2.4,2.7,3,2.5,2.3,1.4,1.1,0.7,0.6,0.7,2.9,35.6,31.8,40.8,"East Harlem, Harlem, Randall's Island Park, Wards Island Park",12.5,15.3,13.6,7.8,31.7,60.7,36.7,29.9,91.2,94.1,95.1,24.2,37.5,36.9,44.5,46.3,2.3,100,13.8,117743,120511,125720,0.02,22.3,14.4,19.8,3804,FALSE,NA,Affordable housing,"Land use trends (zoning, development, neighborhood preservation, etc.)",Unemployment,55645510,20.6,14.5,21,4.2,6.2,4.9,11,Manhattan ,MN,8680,0.207650273,12763,0.680090888,East Harlem,2017,87631.97107,32299.46185,0.315459,128316,0.0864543,0,0.692307692,56576,0.295,0.099754404,0.0834658,0.26409,0.518719,0.118855
MN 12 - Washington Heights/Inwood,2017,1589751.08,555273.0469,1,68,0.035528086,10.58309652,0.282729805,0.278336687,1,0.984394626,MN12,MN,1,12,112,Manhattan CD 12,104,1790,2.8,112,2883,73244,33,3,23,51,2057,25961,96515,9.273328,15.7,11.8,2.1,2.6,4.1,5.3,4.7,3.7,3,3.3,2.3,3.1,3.2,3.1,2.4,1.8,1.5,1.1,1.6,2.6,1.07,75,0.167346939,164,22000,504,0.915,0.148710167,980,0.514285714,397,0.546088304,2820,1167,2.17,240,0.161290323,180,22000,504,0.916,0.106580078,1116,0.451612903,11674,0.53938706,4752,5002,36.7,15.5,23.1,1608679,250636,6102869,27521402,48267,1262196,5085492,276575,6620578,5270330,2575336,4124182,182,11,596,39,3,12,191,163,394,921,2733,54,75,2.4,2.5,4,6,4.8,3.7,3.3,3.4,2.3,2.8,2.7,2.6,1.8,1.4,0.9,0.6,0.6,2.8,41.1,31.8,40.8,"Inwood, Washington Heights",13.6,15.3,13.6,2.6,32.8,60.7,36.7,7.9,89.8,94.1,95.1,46.3,45.2,36.9,44.5,69.2,1.5,100,18.6,208414,190020,221929,-0.09,19.6,14.4,19.8,3801,FALSE,NA,Affordable housing,"Land use trends (zoning, development, neighborhood preservation, etc.)",Schools,60746542,17.4,14.5,21,4.2,6.8,4.9,12,Manhattan ,MN,1620,0.19047619,2007,0.807174888,Washington Heights/Inwood,2017,114002.4766,52770.56421,0.18721,219998,0.0893363,0,0.591911765,81621,0.3,0.073269222,0.0236411,0.0830053,0.668802,0.202343
BX 01 - Mott Haven/Melrose,2017,456836.8829,244577.0892,14,13,0.38501644,25.61832628,0.246418338,0.219012116,0.999972635,0.997892893,BX01,BX,2,1,201,Bronx CD 1,203,1386.6,2.2,201,4286,36543,37,4,12,38,2373,20128,96515,23.359522,14.3,11.8,3.5,4,3.9,3.9,4,3.9,3.2,3.4,3.9,3.1,2.5,1.9,1.5,1.3,1,0.8,0.8,3.6,0.45,316,0.573099415,98,17000,97,0,0.052957572,171,0.567251462,580,0.580417109,1642,1157,0.84,460,0.535519126,98,15000,97,0.001,0.041895604,183,0.530054645,1412,0.587394744,2302,3382,30.4,26.1,23.1,2529986,8280970,3296972,2577361,1215708,1826273,4370025,2418796,6004100,3126797,4324607,1547694,278,300,523,44,45,13,175,1179,111,838,4004,101,207,4.1,3.9,5.2,4.8,4,3.6,2.7,2.8,4.3,2.8,2.2,1.9,1,0.9,0.7,0.3,0.2,4.3,43,44.2,40.8,"Melrose, Mott Haven, Port Morris",8.5,11.8,13.6,0.6,10.3,19.4,36.7,28.7,90.4,94.3,95.1,29.5,48.2,50.8,44.5,67.5,1.2,99,1.9,82159,91497,NA,0.11,31,26.2,19.8,3710,TRUE,Bronx CD 2,Affordable housing,Health care services,Unemployment,41519289,28.4,25.2,21,6.9,5.9,4.9,1,Bronx ,BX,5977,0.049019608,6500,0.919538462,Mott Haven/Hunts Point,2017,73270.20058,20153.15215,0.441854,156357,0.0533437,0.3,1,55274,0.38,0.149834171,0.00327456,0.283607,0.671598,0.0334171
BX 02 - Hunts Point/Longwood,2017,377056.3459,181327.4158,6,8,0.038283423,17.87696666,0.204667864,0.190641248,0.97260346,0.997107851,BX02,BX,2,2,202,Bronx CD 2,114,1420.1,2.2,202,3176,19017,18,1,16,18,946,20128,96515,20.880331,14.3,11.8,3.5,4,3.9,3.9,4,3.9,3.2,3.4,3.9,3.1,2.5,1.9,1.5,1.3,1,0.8,0.8,3.6,1.04,169,0.573099415,98,17000,97,0.081,0.052957572,171,0.567251462,848,0.580417109,1642,0,2.07,299,0.535519126,98,15000,97,0.086,0.041895604,183,0.530054645,848,0.587394744,2302,3,30.4,26.1,23.1,1301712,17335889,1692875,2276530,8299789,1044695,3184116,1898103,1392707,2722404,5466096,4432605,112,360,199,37,75,14,103,818,117,755,2984,109,185,4.1,3.9,5.2,4.8,4,3.6,2.7,2.8,4.3,2.8,2.2,1.9,1,0.9,0.7,0.3,0.2,4.3,43,44.2,40.8,"Hunts Point, Longwood",8.5,11.8,13.6,0.6,10.3,19.4,36.7,28.7,92.3,94.3,95.1,29.5,48.2,50.8,44.5,67.5,1.2,97,1.9,46824,52246,NA,0.12,31,26.2,19.8,3710,TRUE,Bronx CD 1,Parks,Schools,Youth and childrens services,51047521,28.4,25.2,21,6.9,5.9,4.9,2,Bronx ,BX,2933,0.085790566,3130,0.937060703,NA,NA,NA,NA,NA,NA,NA,NA,NA,NA,NA,NA,NA,NA,NA,NA
